34.8265455756661,32.1147336904259,3.81978778038025,67.5,24.2999992370605,5/4/2012 9:07:08 PM +03:00
34.8266744055178,32.1147675114052,6.21300516052246,65.0390625,25.0999984741211,5/4/2012 9:07:10 PM +03:00
34.8267398681816,32.1147887595297,6.41159822616577,62.578125,24.4000015258789,5/4/2012 9:07:11 PM +03:00
34.8267905786958,32.1148179704622,6.2392845085144,63.6328125,24.9000015258789,5/4/2012 9:07:12 PM +03:00
34.826849335837,32.1148426132576,6.2392845085144,63.6328125,25.2999992370605,5/4/2012 9:07:13 PM +03:00
34.8269515112367,32.1148617659063,4.76466963806152,63.28125,26,5/4/2012 9:07:15 PM +03:00
34.8270213324901,32.1149160387294,4.18968570632935,52.3828125,26.2000007629395,5/4/2012 9:07:17 PM +03:00
34.8270194884714,32.1149673359768,5.24605034790039,10.8984375,29.9000015258789,5/4/2012 9:07:18 PM +03:00
34.8270226735946,32.1150519093798,5.35898644561768,356.1328125,34.4000015258789,5/4/2012 9:07:20 PM +03:00
34.8270207457569,32.115129190527,6.41945323410034,357.890625,34.9000015258789,5/4/2012 9:07:21 PM +03:00
34.8270274512794,32.1151884924919,6.93125517501831,1.0546875,33.9000015258789,5/4/2012 9:07:22 PM +03:00
34.827029043841,32.1152629237921,7.43968640899658,0,33.7000007629395,5/4/2012 9:07:23 PM +03:00
34.8270401917722,32.115327338718,8.14855966720581,1.7578125,32.9000015258789,5/4/2012 9:07:24 PM +03:00
34.8270466458377,32.1154056256936,8.32366031341553,3.1640625,33,5/4/2012 9:07:25 PM +03:00
34.8270540219125,32.1154824877457,8.61050448150635,2.8125,34,5/4/2012 9:07:26 PM +03:00
34.8270587157782,32.1155585116075,8.59093956604004,3.1640625,34.4000015258789,5/4/2012 9:07:27 PM +03:00
34.8270548601028,32.1156410314442,8.8095169845581,0.703125,34.9000015258789,5/4/2012 9:07:28 PM +03:00
34.8270619847205,32.1157194022388,8.31145394897461,1.40625,34.9000015258789,5/4/2012 9:07:29 PM +03:00
34.8270722106423,32.1157989884094,8.22002542419434,1.0546875,32,5/4/2012 9:07:30 PM +03:00
34.827073970842,32.1158749284522,8.22002542419434,1.0546875,31.7999992370605,5/4/2012 9:07:31 PM +03:00
34.8270755634036,32.1159261418806,6.44056148300171,359.296875,31,5/4/2012 9:07:32 PM +03:00
34.8270982783612,32.11598938334,2.38904042129517,11.953125,26.7000007629395,5/4/2012 9:07:34 PM +03:00
34.8270994518277,32.1160534210802,2.1443892036438,340.3125,24.0999984741211,5/4/2012 9:07:38 PM +03:00
34.8270249367085,32.1160901338161,3.0607812046051,310.078125,24.2000007629395,5/4/2012 9:07:40 PM +03:00
34.8268830310878,32.1160462964625,7.29748584442139,259.453125,24.2000007629395,5/4/2012 9:07:41 PM +03:00
34.8267940152761,32.116034226522,8.27755751953125,261.5625,23.7999992370605,5/4/2012 9:07:42 PM +03:00
34.826709274235,32.1160318795891,8.41043823394775,263.3203125,24.0999984741211,5/4/2012 9:07:43 PM +03:00
34.8266069311973,32.1160227852241,8.81867690887451,263.3203125,24.7000007629395,5/4/2012 9:07:44 PM +03:00
34.8265094496634,32.116015953973,9.01268854064941,262.96875,24.5,5/4/2012 9:07:45 PM +03:00
34.8264146503385,32.1160048898609,9.82404335784912,262.6171875,25,5/4/2012 9:07:46 PM +03:00
34.8263032548454,32.115993448563,9.97918221740723,262.96875,24.4000015258789,5/4/2012 9:07:47 PM +03:00
34.826199067789,32.115982803546,9.97918221740723,262.96875,24.4000015258789,5/4/2012 9:07:48 PM +03:00
34.8260985687699,32.1159765590281,9.26917819519043,265.4296875,23.5999984741211,5/4/2012 9:07:49 PM +03:00
34.8260110617008,32.1159731224478,8.22054297561646,266.484375,23.0999984741211,5/4/2012 9:07:50 PM +03:00
34.825940234619,32.1159715298862,7.28730602493286,267.1875,22.2000007629395,5/4/2012 9:07:51 PM +03:00
34.825871335375,32.115966961749,6.16414094772339,268.59375,22.4000015258789,5/4/2012 9:07:52 PM +03:00
34.8258124105957,32.1159710688816,5.48157892456055,271.40625,23.4000015258789,5/4/2012 9:07:53 PM +03:00
34.825710235196,32.1159816300796,4.74469313430786,286.875,23.4000015258789,5/4/2012 9:07:55 PM +03:00
34.8256306909349,32.1160207735674,3.42935385551453,307.6171875,22.7000007629395,5/4/2012 9:07:57 PM +03:00
34.8255760409262,32.1161086997316,3.72432554321289,333.984375,23.7000007629395,5/4/2012 9:08:04 PM +03:00
34.825564809176,32.1161657804922,6.9497521194458,350.15625,24.4000015258789,5/4/2012 9:08:05 PM +03:00
34.8255562596347,32.1162425168158,8.64134171600342,354.0234375,25.2000007629395,5/4/2012 9:08:06 PM +03:00
34.8255533259686,32.1163246594668,10.1403855041504,354.7265625,25.2999992370605,5/4/2012 9:08:07 PM +03:00
34.8255436029609,32.1164151002021,10.1403855041504,354.7265625,25.0999984741211,5/4/2012 9:08:08 PM +03:00
34.8255390767332,32.1165265376047,12.0909568511963,356.484375,25.5999984741211,5/4/2012 9:08:09 PM +03:00
34.825533125582,32.1166372625456,12.84945078125,356.8359375,25.7000007629395,5/4/2012 9:08:10 PM +03:00
34.8255320359346,32.1167592611463,13.7107446502686,357.890625,24.9000015258789,5/4/2012 9:08:11 PM +03:00
34.8255265038785,32.1168818045707,13.7107446502686,357.890625,24.7000007629395,5/4/2012 9:08:12 PM +03:00
34.8255182896134,32.1170189325065,14.7531177429199,358.2421875,25.5999984741211,5/4/2012 9:08:13 PM +03:00
34.825514601576,32.1171602933035,15.13877449646,358.9453125,25.7000007629395,5/4/2012 9:08:14 PM +03:00
34.8255203850892,32.1172982175202,15.5489175643921,357.5390625,26.2000007629395,5/4/2012 9:08:15 PM +03:00
34.8255128413763,32.1174387820364,15.5887047592163,356.8359375,26.2000007629395,5/4/2012 9:08:16 PM +03:00
34.8255062196728,32.1175857587085,15.8591629058838,357.1875,26.5,5/4/2012 9:08:17 PM +03:00
34.8254975863125,32.1177274547816,15.8591629058838,357.1875,26.5999984741211,5/4/2012 9:08:18 PM +03:00
34.8254796490397,32.1178710786925,16.0830993118286,357.1875,26.2999992370605,5/4/2012 9:08:19 PM +03:00
34.8254675790992,32.1180100506471,16.3109946182251,357.890625,27.0999984741211,5/4/2012 9:08:20 PM +03:00
34.8254531622257,32.1181530878247,16.3591018814087,357.890625,28.5,5/4/2012 9:08:21 PM +03:00
34.8254453670558,32.1183079015763,16.4404805877686,358.2421875,28.5999984741211,5/4/2012 9:08:22 PM +03:00
34.8254412599232,32.1184513159395,16.4988780487061,358.59375,28.5999984741211,5/4/2012 9:08:23 PM +03:00
34.825430028173,32.118596616231,16.3292781646728,357.5390625,29.9000015258789,5/4/2012 9:08:24 PM +03:00
34.8254275974211,32.1187442215459,16.1103956115723,357.1875,30,5/4/2012 9:08:25 PM +03:00
34.8254201375272,32.1188966883646,16.5291638824463,357.890625,30.0999984741211,5/4/2012 9:08:26 PM +03:00
34.8254094925102,32.1190524241255,17.218585546875,357.890625,31.5,5/4/2012 9:08:27 PM +03:00
34.8254030384448,32.1192076569722,17.5586663787842,357.890625,31.2999992370605,5/4/2012 9:08:28 PM +03:00
34.8253959976461,32.1193692600654,17.8785926300049,357.890625,31.5,5/4/2012 9:08:29 PM +03:00
34.8253894597616,32.1195355151148,17.9956720825195,357.5390625,32,5/4/2012 9:08:30 PM +03:00
34.8253846820768,32.1196922986136,17.8936197723389,356.8359375,31.5999984741211,5/4/2012 9:08:31 PM +03:00
34.8253741208788,32.1198552847208,17.7318984436035,356.1328125,33.2999992370605,5/4/2012 9:08:32 PM +03:00
34.8253649007853,32.1200146666096,17.4151903320312,355.4296875,34.5,5/4/2012 9:08:33 PM +03:00
34.8253547586825,32.1201711567418,17.1132660400391,356.484375,36.2999992370605,5/4/2012 9:08:34 PM +03:00
34.8253539204922,32.1203245036603,16.4527389526367,357.5390625,36.5,5/4/2012 9:08:35 PM +03:00
34.8253426049229,32.1204679599331,15.7008893035889,356.484375,36.7000007629395,5/4/2012 9:08:36 PM +03:00
34.8253300320681,32.1206043334977,15.2229975280762,355.78125,37.2999992370605,5/4/2012 9:08:37 PM +03:00
34.8253177106705,32.1207444370092,15.2229975280762,355.78125,38,5/4/2012 9:08:38 PM +03:00
34.82529264878,32.1208746079655,14.7256418945312,349.8046875,39.5999984741211,5/4/2012 9:08:39 PM +03:00
34.8252659105089,32.1210025577174,14.7256418945312,349.8046875,42.0999984741211,5/4/2012 9:08:40 PM +03:00
34.8252437822845,32.1211200300903,13.8285844863892,350.15625,41.0999984741211,5/4/2012 9:08:41 PM +03:00
34.8252190556701,32.1212419029624,13.8285844863892,350.15625,41.5999984741211,5/4/2012 9:08:42 PM +03:00
34.8251773137924,32.1213301644028,11.2404702407837,346.2890625,39.9000015258789,5/4/2012 9:08:43 PM +03:00
34.8251440376368,32.1214304119648,10.8590618240356,346.640625,39.5,5/4/2012 9:08:44 PM +03:00
34.825112940776,32.1215199726002,10.3264744293213,346.640625,39.5,5/4/2012 9:08:45 PM +03:00
34.8250830173817,32.1216104552449,9.37111669311523,345.234375,39.2999992370605,5/4/2012 9:08:46 PM +03:00
34.8250593804147,32.121676756099,7.09983761672974,339.609375,39.2999992370605,5/4/2012 9:08:47 PM +03:00
34.8250333126959,32.121736309521,7.09983761672974,339.609375,39.2000007629395,5/4/2012 9:08:48 PM +03:00
34.8250128608521,32.121798461333,6.88063374023437,342.7734375,39.5,5/4/2012 9:08:49 PM +03:00
34.8250034731206,32.121851351142,6.13808529968262,341.015625,41.0999984741211,5/4/2012 9:08:50 PM +03:00
34.8249821830865,32.1219038218559,6.13808529968262,341.015625,42.4000015258789,5/4/2012 9:08:51 PM +03:00
34.824954271349,32.1220093500168,7.35985299835205,344.8828125,39.0999984741211,5/4/2012 9:08:53 PM +03:00
34.8249339871433,32.1220734296666,7.35985299835205,344.8828125,37.5,5/4/2012 9:08:54 PM +03:00
34.824883108991,32.1221600985454,9.37200756835937,338.203125,38.2000007629395,5/4/2012 9:08:55 PM +03:00
34.8248416185703,32.1222460549624,10.4808166030884,336.796875,38.0999984741211,5/4/2012 9:08:56 PM +03:00
34.8247963562932,32.1223442070485,11.8675090530395,336.4453125,38.5999984741211,5/4/2012 9:08:57 PM +03:00
34.8247467354264,32.1224415628539,11.8675090530395,336.4453125,39.0999984741211,5/4/2012 9:08:58 PM +03:00
34.8246884811994,32.1225626394452,13.2800722061157,337.1484375,38.4000015258789,5/4/2012 9:08:59 PM +03:00
34.824634669381,32.1226702211724,13.4488969894409,337.1484375,38.5999984741211,5/4/2012 9:09:00 PM +03:00
34.8245798517343,32.1227812394799,13.4488969894409,337.1484375,38.5999984741211,5/4/2012 9:09:01 PM +03:00
34.8245274648395,32.1229349216745,14.7987760803223,339.9609375,39.2000007629395,5/4/2012 9:09:02 PM +03:00
34.8244724795547,32.1230885619597,15.8654304290771,341.71875,40.5999984741211,5/4/2012 9:09:03 PM +03:00
34.8244206793931,32.1232233429627,15.8654304290771,341.71875,41.2999992370605,5/4/2012 9:09:04 PM +03:00
34.8243827093717,32.1233554417567,15.8003092147827,343.828125,40.7000007629395,5/4/2012 9:09:05 PM +03:00
34.8243635986325,32.123484564975,15.5470975494385,349.453125,38.7999992370605,5/4/2012 9:09:06 PM +03:00
34.824341218951,32.1236276859717,15.268709828186,352.265625,38.9000015258789,5/4/2012 9:09:07 PM +03:00
34.8243352677997,32.1237651072742,15.3986991226196,355.078125,37.2999992370605,5/4/2012 9:09:08 PM +03:00
34.8243483435687,32.1238961583303,15.1056001861572,4.5703125,38.5999984741211,5/4/2012 9:09:09 PM +03:00
34.8243830446478,32.1240303526,15.4189920440674,15.1171875,39.5999984741211,5/4/2012 9:09:10 PM +03:00
34.8244399577704,32.1241551591383,15.6686745483398,25.6640625,39.5999984741211,5/4/2012 9:09:11 PM +03:00
34.8245112877663,32.1242815582381,15.6686745483398,25.6640625,39.5999984741211,5/4/2012 9:09:12 PM +03:00
34.8245899938371,32.124401629001,15.4987126235962,27.7734375,39.9000015258789,5/4/2012 9:09:13 PM +03:00
34.8247090168622,32.1245193528311,16.2889003234863,35.15625,39.7000007629395,5/4/2012 9:09:14 PM +03:00
34.824835499781,32.124648685597,16.7685777740479,36.9140625,39.2999992370605,5/4/2012 9:09:15 PM +03:00
34.8249502480354,32.1247522859202,16.8285921539307,39.7265625,39.9000015258789,5/4/2012 9:09:16 PM +03:00
34.8250634875473,32.124869255379,16.9385406799316,39.7265625,40.2000007629395,5/4/2012 9:09:17 PM +03:00
34.8251968436267,32.1250051679389,17.7688697662354,40.078125,40.2999992370605,5/4/2012 9:09:18 PM +03:00
34.825324416193,32.1251288429202,18.1389734863281,40.4296875,41.5999984741211,5/4/2012 9:09:19 PM +03:00
34.8254525754925,32.1252574632244,18.2802694396973,39.7265625,42,5/4/2012 9:09:20 PM +03:00
34.8255793098685,32.1253980277405,19.3886968109131,39.7265625,42.2000007629395,5/4/2012 9:09:21 PM +03:00
34.8257109895673,32.1255328925626,19.9982948760986,40.078125,42.5,5/4/2012 9:09:22 PM +03:00
34.8258507997122,32.1256742533596,19.9982948760986,40.078125,42.5999984741211,5/4/2012 9:09:23 PM +03:00
34.8260015901502,32.1258234093265,20.8085478729248,40.78125,43.2999992370605,5/4/2012 9:09:24 PM +03:00
34.8261497821983,32.1259653987662,21.1401634277344,42.1875,43.5999984741211,5/4/2012 9:09:25 PM +03:00
34.8263045121309,32.1261093160437,21.2440485076904,41.8359375,44.0999984741211,5/4/2012 9:09:26 PM +03:00
34.8264644388434,32.1262536524163,21.0383760253906,41.8359375,42.9000015258789,5/4/2012 9:09:27 PM +03:00
34.8266068473783,32.1263961447702,21.0393316558838,40.78125,42.5,5/4/2012 9:09:28 PM +03:00
34.8267581407305,32.126539684862,21.0187198638916,41.1328125,43.5,5/4/2012 9:09:29 PM +03:00
34.8269033152934,32.1266815485732,21.0187198638916,41.1328125,43.5999984741211,5/4/2012 9:09:30 PM +03:00
34.8270542733696,32.126832967654,21.0382680999756,40.78125,42.9000015258789,5/4/2012 9:09:31 PM +03:00
34.827192826229,32.126978309855,21.0282212249756,40.4296875,42.9000015258789,5/4/2012 9:09:32 PM +03:00
34.8273207340714,32.127114473872,20.5682843139648,40.4296875,43.4000015258789,5/4/2012 9:09:33 PM +03:00
34.8274653219011,32.1272593131588,20.5682843139648,40.4296875,43.5,5/4/2012 9:09:34 PM +03:00
34.8276520707038,32.1274173539431,21.8196638031006,41.484375,42.7999992370605,5/4/2012 9:09:35 PM +03:00
34.8277920484867,32.1275593433828,21.4481688262939,41.484375,42.7000007629395,5/4/2012 9:09:36 PM +03:00
34.8279270809468,32.1276796656029,20.4682708129883,42.1875,42.9000015258789,5/4/2012 9:09:37 PM +03:00
34.8280711658623,32.1278157038913,20.4682708129883,42.1875,43,5/4/2012 9:09:38 PM +03:00
34.8282072041508,32.1279591601641,20.1837283996582,40.78125,43.2999992370605,5/4/2012 9:09:39 PM +03:00
34.8283460084673,32.1280957851858,20.1837283996582,40.78125,43.7999992370605,5/4/2012 9:09:40 PM +03:00
34.8284781072613,32.1282303985507,20.16874246521,40.4296875,43.2000007629395,5/4/2012 9:09:41 PM +03:00
34.8286193423298,32.1283911634536,21.3122985778809,39.375,42.2000007629395,5/4/2012 9:09:42 PM +03:00
34.8287560511705,32.1285334881694,21.3511909729004,39.7265625,42.4000015258789,5/4/2012 9:09:43 PM +03:00
34.8288992140766,32.1286806324796,21.3511909729004,39.7265625,42.7999992370605,5/4/2012 9:09:44 PM +03:00
34.8290452268299,32.1288361167834,21.7288690948486,39.375,43,5/4/2012 9:09:45 PM +03:00
34.8292150441882,32.1289860271217,21.6582427032471,39.7265625,43.5,5/4/2012 9:09:46 PM +03:00
34.8293572012659,32.1291343448983,21.508141998291,39.7265625,44.2999992370605,5/4/2012 9:09:47 PM +03:00
34.8295223247584,32.129276334338,21.5981714172363,40.4296875,44.5,5/4/2012 9:09:48 PM +03:00
34.8296616319891,32.1294275438712,21.568193661499,39.375,44.4000015258789,5/4/2012 9:09:49 PM +03:00
34.8298106622275,32.1295621153266,21.3781527038574,39.7265625,43.7999992370605,5/4/2012 9:09:50 PM +03:00
34.8299518134769,32.1297236346008,21.6681365203857,38.3203125,44,5/4/2012 9:09:51 PM +03:00
34.830102603915,32.1298927394972,22.2480982666016,37.6171875,43.9000015258789,5/4/2012 9:09:52 PM +03:00
34.8303783685293,32.130213221565,22.2480982666016,36.9140625,44,5/4/2012 9:09:54 PM +03:00
34.8305329308238,32.1303913789169,22.6680615661621,36.5625,43.7000007629395,5/4/2012 9:09:55 PM +03:00
34.8304698150929,32.1306312270762,22.67830859375,20.7421875,29.9000015258789,5/4/2012 9:09:56 PM +03:00
34.8305935319837,32.1308380086274,23.4980237060547,23.5546875,29.5999984741211,5/4/2012 9:09:57 PM +03:00
34.8308009840872,32.1309903497176,23.0699581512451,33.046875,28.5,5/4/2012 9:09:58 PM +03:00
34.8309480864879,32.1311693452598,23.1342797363281,33.046875,27.0999984741211,5/4/2012 9:09:59 PM +03:00
34.8310818616625,32.1313340915666,21.4764707946777,33.3984375,26.2000007629395,5/4/2012 9:10:00 PM +03:00
34.8311988730308,32.1314901626037,21.2485244689941,32.6953125,27.5999984741211,5/4/2012 9:10:01 PM +03:00
34.8313191533413,32.1316502569543,21.2485244689941,32.6953125,28.5,5/4/2012 9:10:02 PM +03:00
34.8314415291276,32.1318199904935,21.1401555786133,32.34375,29.9000015258789,5/4/2012 9:10:03 PM +03:00
34.831569353151,32.1319742175118,20.6586885284424,31.9921875,27.9000015258789,5/4/2012 9:10:04 PM +03:00
34.8316848557767,32.1321307495536,20.6586885284424,31.9921875,28.0999984741211,5/4/2012 9:10:05 PM +03:00
34.8318056390014,32.1322776424066,19.5704589080811,31.9921875,27.0999984741211,5/4/2012 9:10:06 PM +03:00
34.8319277633306,32.1324071009011,18.6785161834717,36.5625,27.2000007629395,5/4/2012 9:10:07 PM +03:00
34.8320568446394,32.1325300215111,18.4290181335449,37.96875,28,5/4/2012 9:10:08 PM +03:00
34.8321763705787,32.1326598571913,18.4290181335449,37.96875,28.0999984741211,5/4/2012 9:10:09 PM +03:00
34.8323357105579,32.1327417064757,18.3217598937988,49.921875,30.5999984741211,5/4/2012 9:10:10 PM +03:00
34.8324882611957,32.1328503359408,18.3217598937988,49.921875,30.9000015258789,5/4/2012 9:10:11 PM +03:00
34.8326483555462,32.1329270303549,18.0289111480713,52.734375,30.7999992370605,5/4/2012 9:10:12 PM +03:00
34.8327992298033,32.1330246795268,18.0289111480713,52.734375,30.9000015258789,5/4/2012 9:10:13 PM +03:00
34.8329601623442,32.1330909803809,16.7388511901855,55.8984375,32.7999992370605,5/4/2012 9:10:14 PM +03:00
34.8330858908918,32.1331504918934,14.6800934448242,55.8984375,33.5999984741211,5/4/2012 9:10:15 PM +03:00
34.8332100268778,32.1332050580831,13.2498216934204,55.546875,33.7999992370605,5/4/2012 9:10:16 PM +03:00
34.8333173152384,32.1332620969341,11.8804934616089,55.1953125,35.2999992370605,5/4/2012 9:10:17 PM +03:00
34.8334177304384,32.1333160763906,10.8898352844238,55.546875,36,5/4/2012 9:10:18 PM +03:00
34.8335194867429,32.133364691429,10.2306994537354,55.546875,36.2000007629395,5/4/2012 9:10:19 PM +03:00
34.8336147889819,32.1334102470727,10.0592098937988,56.25,36.5999984741211,5/4/2012 9:10:20 PM +03:00
34.833694165605,32.1334444871472,8.79926210784912,57.3046875,37.2000007629395,5/4/2012 9:10:21 PM +03:00
34.8337731231328,32.133477218479,8.66801106719971,66.4453125,36.7999992370605,5/4/2012 9:10:22 PM +03:00
34.8338410165485,32.133494191833,8.15930118942261,73.828125,40.7999992370605,5/4/2012 9:10:23 PM +03:00
34.833940090644,32.1335073095114,8.21944164581299,81.9140625,41.5999984741211,5/4/2012 9:10:24 PM +03:00
34.8340313695696,32.1334904618861,8.90011350250244,99.4921875,41.4000015258789,5/4/2012 9:10:25 PM +03:00
34.8341237381425,32.1334775118457,8.90011350250244,99.4921875,41.7999992370605,5/4/2012 9:10:26 PM +03:00
34.8342189565625,32.1334570600019,9.17117603149414,101.6015625,42.5999984741211,5/4/2012 9:10:27 PM +03:00
34.8343508877185,32.1333980933131,11.7492571380615,111.09375,42.5,5/4/2012 9:10:28 PM +03:00
34.8344662227061,32.1333601652013,11.7492571380615,111.09375,42.5999984741211,5/4/2012 9:10:29 PM +03:00
34.8347206134674,32.1332257194744,17.2806151885986,116.015625,42.7000007629395,5/4/2012 9:10:30 PM +03:00
34.8348792828944,32.1331411879809,18.9935857910156,118.828125,44.5,5/4/2012 9:10:31 PM +03:00
34.8350608349171,32.133063529648,19.9539787384033,118.4765625,45.4000015258789,5/4/2012 9:10:32 PM +03:00
34.835248170453,32.1329954685943,19.9198487976074,117.0703125,46.1999969482422,5/4/2012 9:10:33 PM +03:00
34.8354482464817,32.1329135354908,20.4531848022461,117.7734375,43.2999992370605,5/4/2012 9:10:34 PM +03:00
34.8356540222045,32.1328175626994,20.8286710571289,118.828125,43.2999992370605,5/4/2012 9:10:35 PM +03:00
34.8358571157184,32.1327285468878,21.9846523284912,116.71875,44.7999992370605,5/4/2012 9:10:36 PM +03:00
34.83606213707,32.1326366393195,21.6618179779053,116.3671875,44.2999992370605,5/4/2012 9:10:37 PM +03:00
34.8362786416289,32.1325402055235,22.2080814849853,117.7734375,44.7000007629395,5/4/2012 9:10:38 PM +03:00
34.8364830762472,32.1324451547415,22.7264943481445,116.3671875,44.0999984741211,5/4/2012 9:10:39 PM +03:00
34.8366880137798,32.1323564322965,22.435303729248,116.015625,44.9000015258789,5/4/2012 9:10:40 PM +03:00
34.8369005788442,32.132264021814,22.1790770202637,116.015625,45,5/4/2012 9:10:41 PM +03:00
34.8371032532629,32.1321818791629,21.7030042785645,115.3125,43.7999992370605,5/4/2012 9:10:42 PM +03:00
34.8373148124989,32.1321012033449,22.1254322021484,114.9609375,43,5/4/2012 9:10:43 PM +03:00
34.8375268746492,32.1320173004941,21.7983024200439,114.9609375,42.9000015258789,5/4/2012 9:10:44 PM +03:00
34.8377344943907,32.1319346130193,21.7983024200439,114.9609375,42.7999992370605,5/4/2012 9:10:45 PM +03:00
34.8379497416642,32.1318502910734,22.2375804443359,115.3125,40.5999984741211,5/4/2012 9:10:46 PM +03:00
34.8381519131687,32.1317662624941,22.1997241333008,115.6640625,40.2000007629395,5/4/2012 9:10:47 PM +03:00
34.8383644782331,32.1316829044671,21.9283427337646,115.6640625,40.5,5/4/2012 9:10:48 PM +03:00
34.8385665659186,32.1316005522684,21.7836284881592,115.6640625,40.0999984741211,5/4/2012 9:10:49 PM +03:00
34.8387664743092,32.1315212594644,21.0187924682617,116.015625,40.2999992370605,5/4/2012 9:10:50 PM +03:00
34.838953474569,32.1314391587229,20.303292098999,114.9609375,38.2999992370605,5/4/2012 9:10:51 PM +03:00
34.8391356133249,32.1313628414945,19.6580060424805,114.9609375,37.4000015258789,5/4/2012 9:10:52 PM +03:00
34.8393211886611,32.1312903799416,19.1906850708008,114.9609375,38.2999992370605,5/4/2012 9:10:53 PM +03:00
34.8395132180628,32.1312170382888,18.9393169677734,114.609375,38.4000015258789,5/4/2012 9:10:54 PM +03:00
34.8396891542103,32.131154006377,18.9557804992676,113.203125,37.0999984741211,5/4/2012 9:10:55 PM +03:00
34.8398743104514,32.1310895076321,18.9556745361328,113.203125,36,5/4/2012 9:10:56 PM +03:00
34.8400542699125,32.1310240030588,18.3796118408203,114.609375,37.0999984741211,5/4/2012 9:10:57 PM +03:00
34.8402298707839,32.1309552714528,18.3796118408203,114.609375,37.2999992370605,5/4/2012 9:10:58 PM +03:00
34.8404214810904,32.1308826422618,18.6986531036377,114.2578125,38,5/4/2012 9:10:59 PM +03:00
34.8405962437716,32.1308136172892,18.4684069854736,114.2578125,37.2999992370605,5/4/2012 9:11:00 PM +03:00
34.8407919612106,32.1307334024758,19.4685262969971,114.609375,38,5/4/2012 9:11:01 PM +03:00
34.8409685679105,32.1306800516621,19.5959214569092,112.1484375,38.5,5/4/2012 9:11:02 PM +03:00
34.8411590047505,32.130613666989,19.5959214569092,112.1484375,37.4000015258789,5/4/2012 9:11:03 PM +03:00
34.8413561471131,32.1305466955827,20.6802461395264,111.796875,36.7999992370605,5/4/2012 9:11:04 PM +03:00
34.8415786028233,32.1304720128254,21.9913024963379,113.5546875,36.0999984741211,5/4/2012 9:11:05 PM +03:00
34.8417928442683,32.1303979168014,23.073423538208,113.5546875,36.0999984741211,5/4/2012 9:11:06 PM +03:00
34.8420224245962,32.1303128404842,23.073423538208,113.5546875,35.5999984741211,5/4/2012 9:11:07 PM +03:00
34.8422601353702,32.1302128862889,24.2626517242432,114.9609375,36.5999984741211,5/4/2012 9:11:08 PM +03:00
34.8424913920787,32.1301213139967,24.2626517242432,114.9609375,36.0999984741211,5/4/2012 9:11:09 PM +03:00
34.8427346349087,32.1300151991026,24.3781417297363,116.015625,36.0999984741211,5/4/2012 9:11:10 PM +03:00
34.8429631255892,32.1299211960585,24.5121988311768,115.3125,36.4000015258789,5/4/2012 9:11:11 PM +03:00
34.8431950528499,32.1298189787493,24.5881273040771,116.015625,34.0999984741211,5/4/2012 9:11:12 PM +03:00
34.8434325121668,32.1297182282732,25.4104973815918,116.015625,33.5,5/4/2012 9:11:13 PM +03:00
34.8436643556085,32.1296205791013,25.8910088012695,115.6640625,32.4000015258789,5/4/2012 9:11:14 PM +03:00
34.8439163994369,32.1295170625971,25.8910088012695,115.6640625,30,5/4/2012 9:11:15 PM +03:00
34.8441671859797,32.1294141328261,25.9078844116211,116.015625,32.5,5/4/2012 9:11:16 PM +03:00
34.8444131948378,32.1293086884843,26.1297025360107,116.71875,32.7000007629395,5/4/2012 9:11:17 PM +03:00
34.8446702678081,32.1291940659584,26.2182857543945,116.71875,31.7999992370605,5/4/2012 9:11:18 PM +03:00
34.8449161928472,32.1290879510642,26.2182857543945,116.71875,31.5999984741211,5/4/2012 9:11:19 PM +03:00
34.8451625369814,32.1290006535427,26.3477236480713,116.015625,34.9000015258789,5/4/2012 9:11:20 PM +03:00
34.8454108089533,32.1288848156409,25.9313238494873,117.421875,36.2000007629395,5/4/2012 9:11:21 PM +03:00
34.8456600867536,32.1287828916983,26.7441749053955,116.3671875,36.0999984741211,5/4/2012 9:11:22 PM +03:00
34.8459160700765,32.1286739688666,26.8123445220947,116.3671875,36,5/4/2012 9:11:23 PM +03:00
34.8461693711903,32.128566764325,26.4993196105957,116.3671875,35.7999992370605,5/4/2012 9:11:24 PM +03:00
34.8464054894027,32.1284593502359,26.0900939086914,117.0703125,35.7999992370605,5/4/2012 9:11:25 PM +03:00
34.846654767203,32.1283475775571,25.908967590332,117.421875,35.7999992370605,5/4/2012 9:11:26 PM +03:00
34.8468905501392,32.1282437676863,26.0741994384766,116.71875,37.4000015258789,5/4/2012 9:11:27 PM +03:00
34.8471350502547,32.1281459927858,25.9439530853271,116.015625,37.9000015258789,5/4/2012 9:11:28 PM +03:00
34.84736312184,32.1280438592957,25.7543045837402,116.3671875,37.4000015258789,5/4/2012 9:11:29 PM +03:00
34.8476192728009,32.1279177535624,26.247855355835,117.421875,38.5,5/4/2012 9:11:30 PM +03:00
34.8478755075809,32.1278250497134,26.5270309326172,115.3125,36.7999992370605,5/4/2012 9:11:31 PM +03:00
34.8481231090006,32.1277170069815,26.5267032318115,116.71875,36.5,5/4/2012 9:11:32 PM +03:00
34.8483666032877,32.1276034321935,26.6703029022217,118.4765625,35.2000007629395,5/4/2012 9:11:33 PM +03:00
34.8486134503361,32.1274760691748,26.5191876983643,118.828125,36.5,5/4/2012 9:11:34 PM +03:00
34.8488401808169,32.1273679426239,26.0791443847656,117.7734375,36.4000015258789,5/4/2012 9:11:35 PM +03:00
34.8490859382179,32.1272660186813,25.8082672912598,117.421875,36.4000015258789,5/4/2012 9:11:36 PM +03:00
34.849329432505,32.1271652262957,25.7135323242187,116.71875,36.2000007629395,5/4/2012 9:11:37 PM +03:00
34.8495689034787,32.1270608296917,25.6681114227295,117.7734375,35.5,5/4/2012 9:11:38 PM +03:00
34.8498153314319,32.1269503142984,25.8495065734863,118.4765625,35.7999992370605,5/4/2012 9:11:39 PM +03:00
34.8500531260249,32.12684369649,26.1099580718994,119.1796875,35.7000007629395,5/4/2012 9:11:40 PM +03:00
34.8502930999127,32.1267301636116,26.1099580718994,119.1796875,35.4000015258789,5/4/2012 9:11:41 PM +03:00
34.8505437188175,32.126601752855,26.4997650482178,120.234375,35.5,5/4/2012 9:11:42 PM +03:00
34.8507817648676,32.1264782874213,26.6181219451904,119.53125,35.2999992370605,5/4/2012 9:11:43 PM +03:00
34.8510243371454,32.1263653831856,26.5087954620361,119.8828125,35.5999984741211,5/4/2012 9:11:44 PM +03:00
34.8512736149457,32.1262493776457,26.5978221557617,119.53125,35.7999992370605,5/4/2012 9:11:45 PM +03:00
34.8515030276355,32.1261305641682,26.2793303314209,119.1796875,35.9000015258789,5/4/2012 9:11:46 PM +03:00
34.8517425824281,32.1260169055612,26.0479814117432,118.828125,35.7999992370605,5/4/2012 9:11:47 PM +03:00
34.851977359536,32.1259059291632,25.9477599090576,119.1796875,36.2000007629395,5/4/2012 9:11:48 PM +03:00
34.8522037547406,32.1257962100507,25.5278652893066,119.53125,36.2999992370605,5/4/2012 9:11:49 PM +03:00
34.8524181638238,32.1256879158617,24.7579606994629,120.234375,36.2000007629395,5/4/2012 9:11:50 PM +03:00
34.8526669387099,32.1255691023843,25.0924254852295,120.9375,33.5999984741211,5/4/2012 9:11:51 PM +03:00
34.852881347793,32.1254554437773,23.9784625213623,123.75,33.0999984741211,5/4/2012 9:11:52 PM +03:00
34.8530877102491,32.12533055342,23.5904117858887,124.1015625,33.4000015258789,5/4/2012 9:11:53 PM +03:00
34.8532929830578,32.125211698033,22.7254386413574,122.6953125,33.2000007629395,5/4/2012 9:11:54 PM +03:00
34.8534848448214,32.125104451582,22.0882018585205,124.1015625,32.2000007629395,5/4/2012 9:11:55 PM +03:00
34.8536756169376,32.1249956544788,21.2038296112061,124.8046875,32.5999984741211,5/4/2012 9:11:56 PM +03:00
34.8538530618277,32.1248902939559,20.326443081665,125.5078125,33.5,5/4/2012 9:11:57 PM +03:00
34.8540306743559,32.1247921418698,19.4883786865234,123.3984375,33.5,5/4/2012 9:11:58 PM +03:00
34.8541960493055,32.1246992703826,18.2727990386963,123.3984375,32.0999984741211,5/4/2012 9:11:59 PM +03:00
34.8543555569228,32.1246152418033,17.7795877410889,122.6953125,31.5,5/4/2012 9:12:00 PM +03:00
34.8544747475859,32.1245434088932,14.1128472747803,122.34375,33.4000015258789,5/4/2012 9:12:01 PM +03:00
34.8545932676968,32.1244804188908,11.8489929763794,120.9375,34.7999992370605,5/4/2012 9:12:02 PM +03:00
34.8547013104287,32.1244340250568,10.1543677322388,120.9375,30.5999984741211,5/4/2012 9:12:03 PM +03:00
34.8547792621281,32.1243945882023,7.8296366317749,120.234375,30.5,5/4/2012 9:12:04 PM +03:00
34.8548411205736,32.1243635751606,5.73146795883179,119.53125,30.5,5/4/2012 9:12:05 PM +03:00
34.8549115285602,32.1243293769957,2.70124755249023,130.4296875,31.7999992370605,5/4/2012 9:12:07 PM +03:00
34.8549386859265,32.1242709970401,1.57479246711731,209.53125,34,5/4/2012 9:12:19 PM +03:00
34.8550301324901,32.1242240583823,4.31630429382324,117.421875,34.0999984741211,5/4/2012 9:12:28 PM +03:00
34.8550976906296,32.1242055762858,6.02695008468628,116.3671875,33.9000015258789,5/4/2012 9:12:29 PM +03:00
34.855159381437,32.1241819812284,6.24177562332153,115.6640625,33.7999992370605,5/4/2012 9:12:30 PM +03:00
34.8552419431832,32.1241658879743,7.55398138580322,109.6875,32.0999984741211,5/4/2012 9:12:31 PM +03:00
34.8553162906643,32.1241430891977,7.55398138580322,109.6875,31.2000007629395,5/4/2012 9:12:32 PM +03:00
34.8553860280987,32.1241295105145,7.55570868301392,107.2265625,31,5/4/2012 9:12:33 PM +03:00
34.8554697633114,32.1241382276938,7.68027423477173,92.8125,30.5,5/4/2012 9:12:34 PM +03:00
34.8555623833415,32.1241767006294,9.14400629882812,77.6953125,31.0999984741211,5/4/2012 9:12:35 PM +03:00
34.8556671571311,32.1242043609099,9.67396718139648,67.1484375,31.7999992370605,5/4/2012 9:12:36 PM +03:00
34.8557604477134,32.1242380980701,9.67396718139648,67.1484375,32.7999992370605,5/4/2012 9:12:37 PM +03:00
34.8558423389074,32.1242823964284,9.26158024597168,62.578125,32.7000007629395,5/4/2012 9:12:38 PM +03:00
34.8559286725101,32.1243207436354,9.26158024597168,62.578125,32.9000015258789,5/4/2012 9:12:39 PM +03:00
34.8569624964472,32.125239232585,14.8190562469482,50.2734375,29.7000007629395,5/4/2012 9:12:49 PM +03:00
34.8570902366516,32.1253292123155,14.8190562469482,50.2734375,29.7999992370605,5/4/2012 9:12:50 PM +03:00
34.8572118580666,32.1254138695375,15.0688594314575,50.9765625,29.2999992370605,5/4/2012 9:12:51 PM +03:00
34.8573357425955,32.1255103871526,15.3686850646973,50.625,28.7999992370605,5/4/2012 9:12:52 PM +03:00
34.8574603814956,32.1255979780407,15.3686850646973,50.625,28.9000015258789,5/4/2012 9:12:53 PM +03:00
34.8577241599884,32.1256925259085,17.5687662353516,56.6015625,30.4000015258789,5/4/2012 9:12:54 PM +03:00
34.8578599468198,32.1257653227375,17.948850112915,57.65625,29.7000007629395,5/4/2012 9:12:55 PM +03:00
34.8580156825807,32.1258397121282,18.0884486938477,58.359375,29.5999984741211,5/4/2012 9:12:56 PM +03:00
34.858169741961,32.1259108325766,18.1787626434326,59.4140625,29.0999984741211,5/4/2012 9:12:57 PM +03:00
34.8583502043363,32.125985934429,18.768380770874,61.171875,29,5/4/2012 9:12:58 PM +03:00
34.858573917332,32.1260770038069,20.0486273651123,65.0390625,28.2999992370605,5/4/2012 9:12:59 PM +03:00
34.8587757535603,32.1261543687732,20.819069619751,66.796875,29.0999984741211,5/4/2012 9:13:00 PM +03:00
34.8589754943129,32.1262257406787,21.3097456512451,66.796875,28.5,5/4/2012 9:13:01 PM +03:00
34.8591842875209,32.1263106493579,21.9181428009033,67.1484375,30.4000015258789,5/4/2012 9:13:02 PM +03:00
34.8593944218334,32.1263933787422,22.4784346496582,67.1484375,29.5,5/4/2012 9:13:03 PM +03:00
34.859612602773,32.126470953256,22.4784346496582,67.1484375,29.5999984741211,5/4/2012 9:13:04 PM +03:00
34.8598410096344,32.1265425766186,23.058963494873,68.90625,29.7999992370605,5/4/2012 9:13:05 PM +03:00
34.8600813187983,32.126608332649,23.6683123504639,72.0703125,30.5999984741211,5/4/2012 9:13:06 PM +03:00
34.8603363801119,32.126669269085,24.1784404663086,76.2890625,30.2000007629395,5/4/2012 9:13:07 PM +03:00
34.8605835624364,32.1267201472373,24.1784404663086,76.2890625,30.4000015258789,5/4/2012 9:13:08 PM +03:00
34.8608413897779,32.1267409343572,24.7885879699707,80.5078125,30.7000007629395,5/4/2012 9:13:09 PM +03:00
34.8611172382113,32.1267718216704,25.3902191772461,82.96875,29,5/4/2012 9:13:10 PM +03:00
34.8613826930848,32.126801200241,26.0280760406494,84.0234375,26.5999984741211,5/4/2012 9:13:11 PM +03:00
34.8616549372998,32.126825088665,26.0280760406494,84.0234375,26.7000007629395,5/4/2012 9:13:12 PM +03:00
34.8619473819014,32.1268518688456,26.9379873657227,84.375,26.2000007629395,5/4/2012 9:13:13 PM +03:00
34.8622293491241,32.1268755058126,26.9379873657227,84.375,26.4000015258789,5/4/2012 9:13:14 PM +03:00
34.8625368811515,32.126905596845,27.8480537109375,84.0234375,24.7999992370605,5/4/2012 9:13:15 PM +03:00
34.8628219496783,32.1269306168259,28.2577719451904,84.0234375,24.7999992370605,5/4/2012 9:13:16 PM +03:00
34.8631200939742,32.1269535832406,28.5091165008545,84.0234375,24.5999984741211,5/4/2012 9:13:17 PM +03:00
34.8634225130406,32.1269800700546,28.7677646636963,84.0234375,25.2999992370605,5/4/2012 9:13:18 PM +03:00
34.8637232557264,32.1270072274209,28.7677646636963,84.0234375,25.4000015258789,5/4/2012 9:13:19 PM +03:00
34.8640327994105,32.127033881873,29.0875712158203,84.0234375,23.4000015258789,5/4/2012 9:13:20 PM +03:00
34.8643369786766,32.1270604105965,29.0875712158203,84.0234375,23.5,5/4/2012 9:13:21 PM +03:00
34.8646389786479,32.1270778868647,29.4186981628418,84.375,22,5/4/2012 9:13:22 PM +03:00
34.8649686388996,32.1271021524743,29.5808688537598,84.7265625,21.9000015258789,5/4/2012 9:13:23 PM +03:00
34.8652783502218,32.1271265857221,29.5808688537598,84.7265625,21.5,5/4/2012 9:13:24 PM +03:00
34.8655926715907,32.1271543717311,29.791790435791,84.375,20.9000015258789,5/4/2012 9:13:25 PM +03:00
34.8659171350625,32.127185720049,29.9062051116943,83.671875,20.0999984741211,5/4/2012 9:13:26 PM +03:00
34.8662295285937,32.1272145118864,29.9062051116943,83.671875,19,5/4/2012 9:13:27 PM +03:00
34.8665373120782,32.1272670245097,29.9651147277832,81.2109375,18.2000007629395,5/4/2012 9:13:28 PM +03:00
34.8668485321429,32.1273079281972,29.9651147277832,81.2109375,17.0999984741211,5/4/2012 9:13:29 PM +03:00
34.8671509512094,32.1273795934693,30.1497162445068,77.34375,16.7000007629395,5/4/2012 9:13:30 PM +03:00
34.867467032778,32.1274705790282,30.1269851898193,71.3671875,16.0999984741211,5/4/2012 9:13:31 PM +03:00
34.8677568789896,32.127562528506,29.9692276672363,68.5546875,15.7999992370605,5/4/2012 9:13:32 PM +03:00
34.8680510837909,32.1276629856156,29.9475797912598,67.5,15.4000015258789,5/4/2012 9:13:33 PM +03:00
34.8683512397435,32.1277691843287,29.9475797912598,67.5,15.2999992370605,5/4/2012 9:13:34 PM +03:00
34.8686095699993,32.1279396722392,29.8089329162598,59.4140625,16.2999992370605,5/4/2012 9:13:35 PM +03:00
34.8688777909008,32.1280811168553,29.8276255981445,57.65625,16.2000007629395,5/4/2012 9:13:36 PM +03:00
34.8691227101114,32.128238864273,29.8574208618164,55.1953125,16.0999984741211,5/4/2012 9:13:37 PM +03:00
34.8693387955752,32.128426618904,29.5467134033203,49.21875,17.2000007629395,5/4/2012 9:13:38 PM +03:00
34.8695770930824,32.1286256891043,29.4544097015381,46.0546875,18.0999984741211,5/4/2012 9:13:39 PM +03:00
34.8698003031638,32.1288303751798,29.4418746551514,44.296875,19.0999984741211,5/4/2012 9:13:40 PM +03:00
34.8699780833301,32.1290322114081,29.0124021453857,38.671875,21.7999992370605,5/4/2012 9:13:41 PM +03:00
34.8701694421795,32.1292443154679,28.8697502563477,37.265625,22.7000007629395,5/4/2012 9:13:42 PM +03:00
34.8703126889047,32.1294635441453,28.4279389282227,30.5859375,22.2000007629395,5/4/2012 9:13:43 PM +03:00
34.8704646528092,32.1296826051847,28.4279389282227,30.5859375,22.0999984741211,5/4/2012 9:13:44 PM +03:00
34.8706182930943,32.1299085812942,28.8375099914551,30.234375,21.9000015258789,5/4/2012 9:13:45 PM +03:00
34.870736310291,32.1301373234318,28.5075800354004,26.3671875,22.4000015258789,5/4/2012 9:13:46 PM +03:00
34.8708460294035,32.1303990483583,28.5377461700439,22.8515625,23.5999984741211,5/4/2012 9:13:47 PM +03:00
34.8709176108566,32.130665006146,29.0976259399414,19.6875,23.2999992370605,5/4/2012 9:13:48 PM +03:00
34.8709860910055,32.130928072177,29.5174558044434,16.5234375,23.0999984741211,5/4/2012 9:13:49 PM +03:00
34.8710422497567,32.1311861928852,28.4876020599365,9.4921875,23.7999992370605,5/4/2012 9:13:50 PM +03:00
34.8710920382616,32.1314375661613,28.4876020599365,9.4921875,23.9000015258789,5/4/2012 9:13:51 PM +03:00
34.8710676469234,32.1316920826511,28.5981608551025,0.703125,24.4000015258789,5/4/2012 9:13:52 PM +03:00
34.8710717540559,32.1319479402454,28.5981608551025,0.703125,24.5999984741211,5/4/2012 9:13:53 PM +03:00
34.8710198700753,32.132224375412,29.0474896789551,356.8359375,23.7999992370605,5/4/2012 9:13:54 PM +03:00
34.871011152896,32.1324864356146,29.5480575653076,356.484375,23.7000007629395,5/4/2012 9:13:55 PM +03:00
34.8709861748245,32.1327524772213,29.6376435089111,356.1328125,23.7000007629395,5/4/2012 9:13:56 PM +03:00
34.8709652200666,32.1330170519949,29.6376435089111,356.1328125,23.7999992370605,5/4/2012 9:13:57 PM +03:00
34.8709545750496,32.133285482444,29.7878030822754,356.484375,24.2000007629395,5/4/2012 9:13:58 PM +03:00
34.8709363025007,32.1335494704844,29.7776698669434,356.8359375,24.4000015258789,5/4/2012 9:13:59 PM +03:00
34.8709202930656,32.1338127879725,29.7580352905273,357.1875,22.5999984741211,5/4/2012 9:14:00 PM +03:00
34.870910821515,32.1340787876697,29.6275475769043,357.890625,23.7000007629395,5/4/2012 9:14:01 PM +03:00
34.8708996735838,32.1343506127895,29.3676337432861,359.296875,23.7000007629395,5/4/2012 9:14:02 PM +03:00
34.8709020205167,32.1346105775164,29.0187501220703,1.0546875,23.9000015258789,5/4/2012 9:14:03 PM +03:00
34.8709223885414,32.1348752780185,28.6812104431152,3.515625,25.7000007629395,5/4/2012 9:14:04 PM +03:00
34.8709280882355,32.1351267351137,28.5751531188965,6.6796875,24.4000015258789,5/4/2012 9:14:05 PM +03:00
34.8709712550369,32.1353802038656,28.6935845825195,10.546875,25.2000007629395,5/4/2012 9:14:06 PM +03:00
34.8710287548926,32.1356356004552,28.360483581543,12.65625,25.9000015258789,5/4/2012 9:14:07 PM +03:00
34.8711139988479,32.1358790947424,28.5277110687256,16.875,24.9000015258789,5/4/2012 9:14:08 PM +03:00
34.8712013382789,32.1361232595818,28.5277110687256,16.875,25,5/4/2012 9:14:09 PM +03:00
34.8713116441247,32.1363611799033,28.8204263793945,21.09375,26,5/4/2012 9:14:10 PM +03:00
34.871423374894,32.1366098290609,28.8204263793945,21.09375,26.4000015258789,5/4/2012 9:14:11 PM +03:00
34.8715389613387,32.1368616214321,29.7297333221436,21.4453125,27.4000015258789,5/4/2012 9:14:12 PM +03:00
34.8716555536118,32.137120286964,30.5874617279053,21.09375,27.2999992370605,5/4/2012 9:14:13 PM +03:00
34.8717806116071,32.1373867057563,30.8835560852051,20.7421875,26.5999984741211,5/4/2012 9:14:14 PM +03:00
34.8718949407664,32.1376453293787,30.8835560852051,20.7421875,27.2999992370605,5/4/2012 9:14:15 PM +03:00
34.8720094375637,32.137903785363,30.9752357818603,21.09375,27.7999992370605,5/4/2012 9:14:16 PM +03:00
34.8721256945607,32.1381649654658,30.708065435791,21.09375,28.0999984741211,5/4/2012 9:14:17 PM +03:00
34.8722423706528,32.1384211583362,30.708065435791,21.09375,27.9000015258789,5/4/2012 9:14:18 PM +03:00
34.8723587114689,32.1386842243673,30.5980796264648,21.09375,29.5,5/4/2012 9:14:19 PM +03:00
34.8724706098762,32.1389354300053,30.3182525726318,21.09375,28.7999992370605,5/4/2012 9:14:20 PM +03:00
34.8725701030669,32.139187096648,30.047777746582,20.0390625,29.5,5/4/2012 9:14:21 PM +03:00
34.8726673331436,32.1394448401706,29.9300880249023,18.28125,30.4000015258789,5/4/2012 9:14:22 PM +03:00
34.8727701790956,32.1397088701205,29.9595752105713,16.171875,31.7999992370605,5/4/2012 9:14:23 PM +03:00
34.8728581890789,32.1399663202764,29.9595752105713,16.171875,32.0999984741211,5/4/2012 9:14:24 PM +03:00
34.8729077261266,32.1402328228877,30.1307547302246,13.0078125,30.7000007629395,5/4/2012 9:14:25 PM +03:00
34.8729795590368,32.1404936677144,30.037830947876,12.3046875,30.5999984741211,5/4/2012 9:14:26 PM +03:00
34.8730341252264,32.1407694323288,30.5009467529297,9.140625,33.9000015258789,5/4/2012 9:14:27 PM +03:00
34.8730751127329,32.1410326240884,30.1230194213867,9.140625,35.0999984741211,5/4/2012 9:14:28 PM +03:00
34.8731252365139,32.1412986237855,30.1230194213867,9.140625,36.0999984741211,5/4/2012 9:14:29 PM +03:00
34.8731812276271,32.1415604744406,29.8577485626221,8.7890625,37.2000007629395,5/4/2012 9:14:30 PM +03:00
34.8732426669773,32.1418334311174,29.5415113983154,9.84375,38.4000015258789,5/4/2012 9:14:31 PM +03:00
34.8732956406054,32.1420938987584,29.5415113983154,9.84375,38.9000015258789,5/4/2012 9:14:32 PM +03:00
34.873350039157,32.1423506783621,29.4774821929932,9.84375,39.0999984741211,5/4/2012 9:14:33 PM +03:00
34.8734103888598,32.1425992856102,29.1674948913574,9.84375,39.2999992370605,5/4/2012 9:14:34 PM +03:00
34.8734684754488,32.1428626030983,29.148101675415,9.4921875,39.9000015258789,5/4/2012 9:14:35 PM +03:00
34.8735190183249,32.1431198437066,29.148101675415,9.4921875,39.7000007629395,5/4/2012 9:14:36 PM +03:00
34.8735612631169,32.143366690755,28.7005663757324,9.140625,43,5/4/2012 9:14:37 PM +03:00
34.873606441575,32.143617728755,28.0782860931396,8.4375,43.4000015258789,5/4/2012 9:14:38 PM +03:00
34.8736494407383,32.1438663360031,28.0782860931396,8.4375,43.5999984741211,5/4/2012 9:14:39 PM +03:00
34.8736817948845,32.1441226965116,28.1492735443115,7.734375,44.2999992370605,5/4/2012 9:14:40 PM +03:00
34.8737058509466,32.1443803143056,28.1990546325684,5.9765625,44.7000007629395,5/4/2012 9:14:41 PM +03:00
34.8737367801693,32.1446312684865,28.1990546325684,5.9765625,45,5/4/2012 9:14:42 PM +03:00
34.8737644404498,32.1448971843646,28.3978434356689,5.2734375,45.1999969482422,5/4/2012 9:14:43 PM +03:00
34.8737732414481,32.1451517846735,27.9607396179199,3.515625,46,5/4/2012 9:14:44 PM +03:00
34.8737776838568,32.1454039542304,28.0090823547363,1.40625,44.5,5/4/2012 9:14:45 PM +03:00
34.8737744987336,32.1456755278931,28.0555766235352,0,45.1999969482422,5/4/2012 9:14:46 PM +03:00
34.8737615906027,32.1459253924267,28.0780309967041,358.59375,46.0999984741211,5/4/2012 9:14:47 PM +03:00
34.8737405520257,32.1461726585702,27.7265139953613,355.78125,48.0999984741211,5/4/2012 9:14:48 PM +03:00
34.8737255484191,32.146423109837,28.193124621582,356.8359375,48.5,5/4/2012 9:14:49 PM +03:00
34.8737026658234,32.1466758661271,28.3379487548828,356.1328125,50.0999984741211,5/4/2012 9:14:50 PM +03:00
34.8736823816177,32.1469280775936,28.5100191497803,355.078125,52.5999984741211,5/4/2012 9:14:51 PM +03:00
34.8736569844511,32.1471811691598,28.5100191497803,355.078125,55.1999969482422,5/4/2012 9:14:52 PM +03:00
34.8736164160398,32.1474317880647,28.3990992950439,352.96875,54.5999984741211,5/4/2012 9:14:53 PM +03:00
34.8735736683336,32.147691543244,28.6691993255615,352.96875,55.8000030517578,5/4/2012 9:14:54 PM +03:00
34.8735261429426,32.147944131896,28.5187199005127,351.2109375,55.3000030517578,5/4/2012 9:14:55 PM +03:00
34.873466463792,32.148189721659,28.8650172363281,350.15625,56.5999984741211,5/4/2012 9:14:56 PM +03:00
34.8734227940765,32.1484440705107,29.0476957183838,352.6171875,55,5/4/2012 9:14:57 PM +03:00
34.8733770288852,32.1486977069007,28.7489777923584,351.2109375,55.9000015258789,5/4/2012 9:14:58 PM +03:00
34.8733299225894,32.1489664307164,28.8780664001465,351.2109375,56.5999984741211,5/4/2012 9:14:59 PM +03:00
34.8732733447429,32.1492286585571,29.5882607635498,351.2109375,57.1999969482422,5/4/2012 9:15:00 PM +03:00
34.8732299264845,32.149490173936,29.6108191375732,351.2109375,58.5999984741211,5/4/2012 9:15:01 PM +03:00
34.8731867596832,32.1497652679981,29.5397669311523,351.9140625,60.1999969482422,5/4/2012 9:15:02 PM +03:00
34.873138647559,32.1500261547343,29.6681805145264,351.5625,61.4000015258789,5/4/2012 9:15:03 PM +03:00
34.8731079697934,32.1502851555423,29.5887670318603,351.5625,62,5/4/2012 9:15:04 PM +03:00
34.8730710894194,32.1505448688121,29.5677784820557,351.5625,62.5999984741211,5/4/2012 9:15:05 PM +03:00
34.8730280064371,32.1508117486091,29.587774118042,351.5625,63.0999984741211,5/4/2012 9:15:06 PM +03:00
34.87298534255,32.15108780659,29.7952322753906,351.5625,64.5,5/4/2012 9:15:07 PM +03:00
34.8729318660077,32.1513380902187,29.8421268493652,350.859375,64.3000030517578,5/4/2012 9:15:08 PM +03:00
34.8728865199116,32.1516030002685,29.8649363952637,351.2109375,64.9000015258789,5/4/2012 9:15:09 PM +03:00
34.8728315346268,32.1518806927206,30.2469315338135,350.15625,66.3000030517578,5/4/2012 9:15:10 PM +03:00
34.8727796506461,32.1521328622775,29.8763235076904,349.8046875,67.9000015258789,5/4/2012 9:15:11 PM +03:00
34.872718462753,32.1523921145426,29.9778185302734,350.859375,68.5,5/4/2012 9:15:12 PM +03:00
34.8726759665039,32.1526548452975,29.7152124481201,352.265625,67.0999984741211,5/4/2012 9:15:13 PM +03:00
34.8726330511597,32.1529154386671,29.114882232666,350.15625,68.0999984741211,5/4/2012 9:15:14 PM +03:00
34.8725787364271,32.1531746490227,29.2292615875244,351.2109375,69.3000030517578,5/4/2012 9:15:15 PM +03:00
34.8725423589674,32.1534149581866,27.5257766479492,351.5625,70,5/4/2012 9:15:16 PM +03:00
34.8725007009086,32.1536585782023,27.5257766479492,351.5625,70.6999969482422,5/4/2012 9:15:17 PM +03:00
34.8724825959977,32.1539271343799,28.209407623291,355.078125,72.3000030517578,5/4/2012 9:15:18 PM +03:00
34.8724800814268,32.1541782561989,28.254237878418,358.2421875,77,5/4/2012 9:15:19 PM +03:00
34.8724974319664,32.1544340718837,28.7442016021729,4.5703125,77.4000015258789,5/4/2012 9:15:20 PM +03:00
34.8725219909427,32.1546903485732,28.7442016021729,4.5703125,78.0999984741211,5/4/2012 9:15:21 PM +03:00
34.8725838493881,32.1549513191284,29.0003929901123,9.4921875,77.9000015258789,5/4/2012 9:15:22 PM +03:00
34.8726721946475,32.1552150138022,29.0574914215088,14.765625,77.4000015258789,5/4/2012 9:15:23 PM +03:00
34.8727594502595,32.1554764034526,29.2174918304443,15.46875,76.0999984741211,5/4/2012 9:15:24 PM +03:00
34.8728512320992,32.1557372482793,29.5474747680664,16.875,75.3000030517578,5/4/2012 9:15:25 PM +03:00
34.8729441035864,32.1559985122012,29.5474747680664,16.875,75.3000030517578,5/4/2012 9:15:26 PM +03:00
34.8731615301546,32.1562159387694,29.2375365234375,26.71875,71.8000030517578,5/4/2012 9:15:27 PM +03:00
34.8733000830141,32.1564494166823,29.2375365234375,26.71875,71.6999969482422,5/4/2012 9:15:28 PM +03:00
34.8735151626494,32.1566480677874,29.4293082122803,37.6171875,72.4000015258789,5/4/2012 9:15:29 PM +03:00
34.8737036716518,32.156856902905,29.4293082122803,37.6171875,72.8000030517578,5/4/2012 9:15:30 PM +03:00
34.8739081062701,32.1570765925871,29.6794969848633,38.671875,72.5,5/4/2012 9:15:31 PM +03:00
34.8741026502427,32.1572843799667,29.6794969848633,38.671875,72.1999969482422,5/4/2012 9:15:32 PM +03:00
34.8743340745893,32.1574848750906,30.7685272155762,42.5390625,71.3000030517578,5/4/2012 9:15:33 PM +03:00
34.874560553613,32.1576937521176,30.7685272155762,42.5390625,71,5/4/2012 9:15:34 PM +03:00
34.8747861106273,32.1579027129637,31.7778339233398,42.890625,69,5/4/2012 9:15:35 PM +03:00
34.8750205524591,32.1581016574354,31.3601998504639,42.890625,66.4000015258789,5/4/2012 9:15:36 PM +03:00
34.8752293456671,32.1583120851146,30.7729501953125,41.8359375,65.4000015258789,5/4/2012 9:15:37 PM +03:00
34.8754466045973,32.1585206268655,30.9987046539307,41.1328125,66.5999984741211,5/4/2012 9:15:38 PM +03:00
34.8756487761018,32.1587388497145,31.013720022583,39.375,67.1999969482422,5/4/2012 9:15:39 PM +03:00
34.8758552223769,32.1589535940738,31.013720022583,39.375,67.8000030517578,5/4/2012 9:15:40 PM +03:00
34.8760291468677,32.1591889579149,30.6101005554199,34.8046875,67.6999969482422,5/4/2012 9:15:41 PM +03:00
34.8762033228156,32.1594306500928,30.3379734893799,33.3984375,67.3000030517578,5/4/2012 9:15:42 PM +03:00
34.876341875675,32.1596561651976,29.8145116790771,30.9375,68.6999969482422,5/4/2012 9:15:43 PM +03:00
34.8764982819882,32.1598877152728,29.4537601867676,29.53125,69,5/4/2012 9:15:44 PM +03:00
34.8766432889131,32.1601122664587,28.7762731109619,28.4765625,69.4000015258789,5/4/2012 9:15:45 PM +03:00
34.8767828476009,32.1603383263873,28.5540487945557,28.125,70.1999969482422,5/4/2012 9:15:46 PM +03:00
34.8769271839735,32.1605716785716,29.1010128356934,27.0703125,69.5999984741211,5/4/2012 9:15:47 PM +03:00
34.877066072109,32.1608034381942,29.1010128356934,27.0703125,70.8000030517578,5/4/2012 9:15:48 PM +03:00
34.8772049602446,32.1610420709775,29.1083184051514,25.3125,70.4000015258789,5/4/2012 9:15:49 PM +03:00
34.8773580137965,32.1612920612396,29.2930160736084,27.421875,71.5,5/4/2012 9:15:50 PM +03:00
34.8774997517791,32.1615247009622,29.2930160736084,27.421875,72.0999984741211,5/4/2012 9:15:51 PM +03:00
34.8776461836275,32.1617497131528,28.8657530914307,27.421875,72.8000030517578,5/4/2012 9:15:52 PM +03:00
34.8777858261344,32.1619790001141,28.8657530914307,27.421875,73.5,5/4/2012 9:15:53 PM +03:00
34.8779490217891,32.1622138191314,29.8365323883057,30.234375,76,5/4/2012 9:15:54 PM +03:00
34.878115234929,32.1624526195528,29.8283084716797,30.5859375,76.1999969482422,5/4/2012 9:15:55 PM +03:00
34.878273736718,32.1626776736529,29.6993140533447,29.8828125,76.5,5/4/2012 9:15:56 PM +03:00
34.8784293048409,32.1629080083521,29.6993140533447,29.8828125,77.4000015258789,5/4/2012 9:15:57 PM +03:00
34.8785868846205,32.1631415281744,29.3978430480957,29.53125,75.9000015258789,5/4/2012 9:15:58 PM +03:00
34.8787346575734,32.1633747127207,29.1691255462646,29.1796875,76.5,5/4/2012 9:15:59 PM +03:00
34.8788805865076,32.1635980485307,28.3088422515869,29.1796875,76.3000030517578,5/4/2012 9:16:00 PM +03:00
34.8790279403654,32.1638122899757,27.5176665435791,28.828125,75.3000030517578,5/4/2012 9:16:01 PM +03:00
34.8791674990532,32.1640279144348,27.5176665435791,28.828125,75.3000030517578,5/4/2012 9:16:02 PM +03:00
34.8793073091981,32.1642427007036,26.9795308013916,28.828125,76.5999984741211,5/4/2012 9:16:03 PM +03:00
34.8794429283914,32.1644519130068,26.2203441864014,29.1796875,77.4000015258789,5/4/2012 9:16:04 PM +03:00
34.879576703566,32.1646570181774,26.2203441864014,29.1796875,77.8000030517578,5/4/2012 9:16:05 PM +03:00
34.8797148373303,32.1648482512982,25.5878208007812,29.53125,77.4000015258789,5/4/2012 9:16:06 PM +03:00
34.879838386583,32.1650349162819,25.1901176086426,29.53125,77.8000030517578,5/4/2012 9:16:07 PM +03:00
34.8799698986438,32.1652359562294,24.6800738708496,29.1796875,77.8000030517578,5/4/2012 9:16:08 PM +03:00
34.8800928611633,32.1654251776935,23.1080224639893,29.53125,77.5999984741211,5/4/2012 9:16:09 PM +03:00
34.8802125547406,32.1656051790641,23.1080224639893,29.53125,77.5999984741211,5/4/2012 9:16:10 PM +03:00
34.8803579807606,32.1657956997232,23.765774887085,30.234375,76.5,5/4/2012 9:16:11 PM +03:00
34.8804859724221,32.1659927163573,24.7527096374512,28.828125,76.5,5/4/2012 9:16:12 PM +03:00
34.8807699513015,32.1663864981683,25.7391930633545,31.640625,74.5999984741211,5/4/2012 9:16:14 PM +03:00
34.8809262737957,32.166589256406,26.5181084442139,32.34375,72.5,5/4/2012 9:16:15 PM +03:00
34.8810913972881,32.1667922241913,27.2274335174561,33.046875,70.9000015258789,5/4/2012 9:16:16 PM +03:00
34.8812341410992,32.1670036996083,27.5285002929687,31.640625,69.6999969482422,5/4/2012 9:16:17 PM +03:00
34.8813980911252,32.1672266582327,28.4376070831299,31.640625,70.4000015258789,5/4/2012 9:16:18 PM +03:00
34.8815716803399,32.1674447134437,28.4575477752686,32.6953125,70.3000030517578,5/4/2012 9:16:19 PM +03:00
34.8817383125749,32.1676573204176,28.4384744110107,32.6953125,69.3000030517578,5/4/2012 9:16:20 PM +03:00
34.8819021787819,32.1678703883962,28.4309490661621,33.046875,69.4000015258789,5/4/2012 9:16:21 PM +03:00
34.8820585012761,32.1680861385839,28.4193461029053,33.046875,68.5,5/4/2012 9:16:22 PM +03:00
34.8822287377295,32.1683071693705,28.4981061462402,33.046875,67.9000015258789,5/4/2012 9:16:23 PM +03:00
34.8823846411285,32.168519985892,28.3375955444336,33.046875,67.5999984741211,5/4/2012 9:16:24 PM +03:00
34.882541969451,32.1687342273371,28.1848320251465,32.34375,66.4000015258789,5/4/2012 9:16:25 PM +03:00
34.8827402852801,32.1689423080833,27.2240426971436,31.2890625,65.4000015258789,5/4/2012 9:16:26 PM +03:00
34.8829057440487,32.169151478477,26.7423637207031,31.640625,65.5999984741211,5/4/2012 9:16:27 PM +03:00
34.8830460571077,32.1693511354105,26.3706057983398,31.2890625,64.6999969482422,5/4/2012 9:16:28 PM +03:00
34.8831819277582,32.1695448831023,26.1381717376709,31.2890625,63.3000030517578,5/4/2012 9:16:29 PM +03:00
34.8833117634383,32.1697466355117,25.6078831542969,30.5859375,61.6999969482422,5/4/2012 9:16:30 PM +03:00
34.8834493104693,32.1699436940552,25.6078831542969,30.5859375,61.5999984741211,5/4/2012 9:16:31 PM +03:00
34.8835929762897,32.1701350529046,25.757805291748,31.640625,61.1999969482422,5/4/2012 9:16:32 PM +03:00
34.8837558366683,32.1703228913547,25.6579409240723,33.75,61.9000015258789,5/4/2012 9:16:33 PM +03:00
34.8838979099271,32.1705005038829,25.0978629638672,34.1015625,60.9000015258789,5/4/2012 9:16:34 PM +03:00
34.8840652127144,32.1706809662582,24.4580516693115,36.2109375,61.0999984741211,5/4/2012 9:16:35 PM +03:00
34.8842173442569,32.1708574472295,24.4580516693115,36.2109375,61.1999969482422,5/4/2012 9:16:36 PM +03:00
34.8844125587818,32.1709785238208,23.0487910339355,41.484375,61.5999984741211,5/4/2012 9:16:37 PM +03:00
34.8845781013694,32.1711382409857,23.0487910339355,41.484375,61.4000015258789,5/4/2012 9:16:38 PM +03:00
34.8847704660472,32.17125646773,22.5680500274658,45.703125,61.3000030517578,5/4/2012 9:16:39 PM +03:00
34.8849968612519,32.1713643428238,22.9280735137939,52.734375,61.3000030517578,5/4/2012 9:16:40 PM +03:00
34.8852090072212,32.1714920411186,23.287989074707,54.140625,61.4000015258789,5/4/2012 9:16:41 PM +03:00
34.885412184554,32.171588097729,23.3990580627441,57.65625,60.0999984741211,5/4/2012 9:16:42 PM +03:00
34.8856215644953,32.1716998704077,23.3937913024902,57.65625,59.0999984741211,5/4/2012 9:16:43 PM +03:00
34.8858286813226,32.1718060691209,23.2424602478027,58.0078125,58.4000015258789,5/4/2012 9:16:44 PM +03:00
34.8860345408645,32.171910633363,23.2299310882568,58.0078125,58,5/4/2012 9:16:45 PM +03:00
34.8862348683503,32.1720183408187,22.9383323150635,57.65625,57.8000030517578,5/4/2012 9:16:46 PM +03:00
34.8864619341072,32.1721191332044,23.3162812316895,59.765625,54.9000015258789,5/4/2012 9:16:47 PM +03:00
34.8866735771623,32.1722223982515,23.2799221405029,60.1171875,55,5/4/2012 9:16:48 PM +03:00
34.8868774250475,32.1723051276358,23.0981796661377,61.5234375,54.9000015258789,5/4/2012 9:16:49 PM +03:00
34.8870913312164,32.1724032797219,23.0981796661377,61.5234375,54.8000030517578,5/4/2012 9:16:50 PM +03:00
34.8873498291102,32.1724880626725,24.3279053924561,63.984375,55.0999984741211,5/4/2012 9:16:51 PM +03:00
34.8876052256999,32.1725695347713,25.0000177825928,67.1484375,54.3000030517578,5/4/2012 9:16:52 PM +03:00
34.8878467921493,32.1726526413413,24.7881032867432,66.796875,54.6999969482422,5/4/2012 9:16:53 PM +03:00
34.888097243416,32.1727278689222,24.4878920654297,67.5,55.0999984741211,5/4/2012 9:16:54 PM +03:00
34.8883176036504,32.1727990731897,23.3995348968506,68.5546875,55.9000015258789,5/4/2012 9:16:55 PM +03:00
34.8885355331329,32.172868642986,22.7004372283936,68.203125,57.8000030517578,5/4/2012 9:16:56 PM +03:00
34.8887450807121,32.1729498217182,21.5685292114258,65.7421875,57.9000015258789,5/4/2012 9:16:57 PM +03:00
34.8889444861886,32.1730380412491,21.1181976623535,64.6875,58,5/4/2012 9:16:58 PM +03:00
34.8891071789292,32.1731485147329,19.697522442627,56.953125,55.9000015258789,5/4/2012 9:16:59 PM +03:00
34.8892818577913,32.1732516540514,19.5968908233643,56.6015625,56.3000030517578,5/4/2012 9:17:00 PM +03:00
34.8894521780637,32.1733516920658,19.5489660522461,56.25,56.0999984741211,5/4/2012 9:17:01 PM +03:00
34.8896290362206,32.1734516881706,19.5489660522461,56.25,56,5/4/2012 9:17:02 PM +03:00
34.8897742946026,32.1735345432834,18.388422479248,56.25,56.3000030517578,5/4/2012 9:17:03 PM +03:00
34.8898900486854,32.1736295521559,17.3885092071533,53.4375,56.4000015258789,5/4/2012 9:17:04 PM +03:00
34.8899928946373,32.1737617766784,16.6985695007324,48.1640625,57,5/4/2012 9:17:05 PM +03:00
34.8900719359842,32.1738961385863,15.8986537963867,45,58.5,5/4/2012 9:17:06 PM +03:00
34.8901572637585,32.1740209451245,14.6090157287598,43.2421875,59.5,5/4/2012 9:17:07 PM +03:00
34.8902013525692,32.1741192229392,13.1889968917847,42.1875,60.3000030517578,5/4/2012 9:17:08 PM +03:00
34.8902186192897,32.1741826739462,9.22933801879883,42.5390625,60.1999969482422,5/4/2012 9:17:09 PM +03:00
34.8902924638566,32.1742448676677,8.00953260040283,42.890625,60,5/4/2012 9:17:10 PM +03:00
34.8903458565798,32.174290632859,6.60991313858032,43.2421875,60.8000030517578,5/4/2012 9:17:11 PM +03:00
34.8903931305137,32.1743217297198,4.2744522895813,45,60.0999984741211,5/4/2012 9:17:12 PM +03:00
34.8904052004543,32.174376421638,2.11097843856811,39.7265625,55,5/4/2012 9:17:39 PM +03:00
34.890473177689,32.1744239889385,5.05936538009643,47.109375,52.1999969482422,5/4/2012 9:17:41 PM +03:00
34.8905045260069,32.174470340863,5.28000760803223,38.671875,53.8000030517578,5/4/2012 9:17:42 PM +03:00
34.8905448429611,32.1745133400263,5.75950256652832,38.3203125,54,5/4/2012 9:17:43 PM +03:00
34.8905823938873,32.1745538246186,5.75950256652832,38.3203125,54,5/4/2012 9:17:44 PM +03:00
34.8906413186666,32.1746269148143,7.60282205123901,36.5625,53.6999969482422,5/4/2012 9:17:45 PM +03:00
34.8907114751962,32.1746863844173,8.63995928955078,41.1328125,55,5/4/2012 9:17:46 PM +03:00
34.8907801229832,32.1747440519111,8.64983054046631,39.7265625,55.0999984741211,5/4/2012 9:17:47 PM +03:00
34.8908403050479,32.1747977380009,8.63995340270996,40.4296875,55.4000015258789,5/4/2012 9:17:48 PM +03:00
34.8908991460082,32.1748567465992,8.63995340270996,40.4296875,55.3000030517578,5/4/2012 9:17:49 PM +03:00
34.8909506108937,32.1749086305799,8.03936122283936,40.078125,56.4000015258789,5/4/2012 9:17:50 PM +03:00
34.8909983877418,32.1749559045138,7.09491376495361,41.1328125,57.6999969482422,5/4/2012 9:17:51 PM +03:00
34.8910500202653,32.1750018373431,6.37799123306274,38.3203125,58.0999984741211,5/4/2012 9:17:52 PM +03:00
34.8910848889825,32.1750423219355,4.63439188842773,37.6171875,57.5999984741211,5/4/2012 9:17:53 PM +03:00
34.8911255412129,32.1751027135478,4.46809255981445,43.59375,58.1999969482422,5/4/2012 9:17:55 PM +03:00
34.8911827896115,32.1751501132102,4.18114537200928,39.7265625,60.3000030517578,5/4/2012 9:18:07 PM +03:00
34.8912526108649,32.1752309566663,6.52321567153931,38.671875,58.1999969482422,5/4/2012 9:18:09 PM +03:00
34.8913028184649,32.1752739558296,6.54970890808105,41.484375,59.5,5/4/2012 9:18:10 PM +03:00
34.8913609050539,32.1753201820256,7.21943859939575,43.59375,59.8000030517578,5/4/2012 9:18:11 PM +03:00
34.8914462328282,32.1753895003648,9.78438861694336,43.2421875,59.0999984741211,5/4/2012 9:18:12 PM +03:00
34.891511695492,32.1754451981114,10.3637077163696,43.2421875,59.4000015258789,5/4/2012 9:18:13 PM +03:00
34.8915887251821,32.1755148517268,10.3637077163696,43.2421875,58.9000015258789,5/4/2012 9:18:14 PM +03:00
34.8916899785724,32.1755872294606,11.7790877227783,44.296875,61,5/4/2012 9:18:15 PM +03:00
34.8917934112576,32.17566865965,12.9594365905762,45.703125,61.3000030517578,5/4/2012 9:18:16 PM +03:00
34.8918993585137,32.1757459407972,12.8402496490479,43.2421875,60.4000015258789,5/4/2012 9:18:17 PM +03:00
34.8919920623627,32.1758293826433,12.8402496490479,43.2421875,59.9000015258789,5/4/2012 9:18:18 PM +03:00
34.8920859396783,32.1759081306236,12.1701358413696,45.703125,60.5999984741211,5/4/2012 9:18:19 PM +03:00
34.8921752907661,32.1759834420236,11.8693957855225,45.703125,61,5/4/2012 9:18:20 PM +03:00
34.8922534939227,32.1760664647745,12.2861183792114,43.9453125,61.8000030517578,5/4/2012 9:18:21 PM +03:00
34.8923475388762,32.1761476854162,12.1404377105713,44.296875,63,5/4/2012 9:18:22 PM +03:00
34.892418282139,32.1762313787194,11.9522471832275,41.1328125,63.9000015258789,5/4/2012 9:18:23 PM +03:00
34.8925010115233,32.1763120126279,11.9522471832275,41.1328125,64.1999969482422,5/4/2012 9:18:24 PM +03:00
34.892608467522,32.1763891261371,13.0050988525391,44.296875,62,5/4/2012 9:18:25 PM +03:00
34.8927000817236,32.1764731966259,12.648290562439,44.296875,61.9000015258789,5/4/2012 9:18:26 PM +03:00
34.8927851580408,32.1765532857107,12.5347579315186,44.296875,63.3000030517578,5/4/2012 9:18:27 PM +03:00
34.8928770236996,32.1766335843431,12.5347579315186,44.296875,63.9000015258789,5/4/2012 9:18:28 PM +03:00
34.8929662909684,32.1767153498085,12.0337632492065,43.2421875,63.4000015258789,5/4/2012 9:18:29 PM +03:00
34.8930559773323,32.1767961513551,12.0337632492065,43.2421875,63.0999984741211,5/4/2012 9:18:30 PM +03:00
34.8931493517336,32.1768833650576,12.4438474487305,42.1875,61.4000015258789,5/4/2012 9:18:31 PM +03:00
34.8932514433143,32.176979756944,13.2799397521973,43.59375,61.0999984741211,5/4/2012 9:18:32 PM +03:00
34.8933464102772,32.177060348943,13.7320913162231,43.59375,60.9000015258789,5/4/2012 9:18:33 PM +03:00
34.8934459034678,32.1771493647547,13.7320913162231,43.59375,60.5,5/4/2012 9:18:34 PM +03:00
34.8935484979627,32.1772442478986,13.4592087722778,43.2421875,60.1999969482422,5/4/2012 9:18:35 PM +03:00
34.8936402798024,32.1773224929647,13.0689328109741,43.59375,59.5,5/4/2012 9:18:36 PM +03:00
34.8937457241443,32.1774016600402,12.8723839508057,43.9453125,59.5,5/4/2012 9:18:37 PM +03:00
34.8938527610478,32.1774797374682,12.7383258682251,45.703125,60.5,5/4/2012 9:18:38 PM +03:00
34.8939488176581,32.1775593236388,12.6199238388062,46.40625,60.3000030517578,5/4/2012 9:18:39 PM +03:00
34.8940581176755,32.1776297316255,12.2190908096313,46.0546875,60.8000030517578,5/4/2012 9:18:40 PM +03:00
34.8941411823359,32.1777022769974,12.0013630584717,45.703125,61.5,5/4/2012 9:18:41 PM +03:00
34.8942314554331,32.1777773788498,12.0013630584717,45.703125,61.3000030517578,5/4/2012 9:18:42 PM +03:00
34.8943335470137,32.1778553724589,12.219009375,46.0546875,62.0999984741211,5/4/2012 9:18:43 PM +03:00
34.8944127559987,32.1779466094749,12.122186541748,42.5390625,61,5/4/2012 9:18:44 PM +03:00
34.8944940604595,32.1780225914271,11.5637098022461,44.296875,61.5,5/4/2012 9:18:45 PM +03:00
34.8945808969763,32.1781011298598,10.4591726516724,44.296875,61.4000015258789,5/4/2012 9:18:46 PM +03:00
34.8946552444574,32.1781708253847,10.2244633270264,49.21875,60.5999984741211,5/4/2012 9:18:47 PM +03:00
34.8947337828902,32.1782286605166,10.4359039321899,59.765625,58,5/4/2012 9:18:48 PM +03:00
34.8948216252354,32.1782588772775,10.1193832183838,67.5,57.3000030517578,5/4/2012 9:18:49 PM +03:00
34.8949331883666,32.1782927820759,11.7572328262329,74.1796875,56.0999984741211,5/4/2012 9:18:50 PM +03:00
34.8950526304868,32.1783213224562,11.7572328262329,74.1796875,53.1999969482422,5/4/2012 9:18:51 PM +03:00
34.8951646965322,32.1783032175453,11.1885865692139,90,53.3000030517578,5/4/2012 9:18:52 PM +03:00
34.8952956218597,32.1782616433056,11.5826301086426,99.84375,54.5999984741211,5/4/2012 9:18:53 PM +03:00
34.895417746189,32.1782412752809,11.9290736343384,102.65625,54.3000030517578,5/4/2012 9:18:54 PM +03:00
34.8955495097068,32.1782143274622,12.9009361099243,103.7109375,54.5,5/4/2012 9:18:55 PM +03:00
34.8956841230717,32.178190187581,13.0391189056396,103.359375,55.4000015258789,5/4/2012 9:18:56 PM +03:00
34.895817060056,32.1781563246922,13.3994730361938,104.0625,56.3000030517578,5/4/2012 9:18:57 PM +03:00
34.8959539365348,32.1781274490358,13.3994730361938,104.0625,56.4000015258789,5/4/2012 9:18:58 PM +03:00
34.8961214907792,32.1780914487617,14.4498718551636,105.8203125,56.6999969482422,5/4/2012 9:18:59 PM +03:00
34.8962677549896,32.1780559094922,14.4498718551636,105.8203125,56.5,5/4/2012 9:19:00 PM +03:00
34.8963979259458,32.1780203283133,13.2982537139893,107.578125,58.1999969482422,5/4/2012 9:19:01 PM +03:00
34.896535808253,32.1779810590969,12.8091435821533,106.875,58,5/4/2012 9:19:02 PM +03:00
34.8966622911719,32.1779520158024,12.4190275466919,106.5234375,57.9000015258789,5/4/2012 9:19:03 PM +03:00
34.8967875168052,32.1779202483894,12.4190275466919,106.5234375,57.8000030517578,5/4/2012 9:19:04 PM +03:00
34.8969086353061,32.1778865531387,12.4289262695312,106.5234375,57.8000030517578,5/4/2012 9:19:05 PM +03:00
34.8970653768954,32.177866352752,12.2796271560669,105.8203125,58.4000015258789,5/4/2012 9:19:06 PM +03:00
34.8971856572059,32.1778443921657,11.6808785385132,106.5234375,59.4000015258789,5/4/2012 9:19:07 PM +03:00
34.8974302411404,32.1777878562288,11.3518688919067,107.9296875,60.1999969482422,5/4/2012 9:19:09 PM +03:00
34.8975474201468,32.177755376354,11.3518688919067,107.9296875,60.8000030517578,5/4/2012 9:19:10 PM +03:00
34.8976822011498,32.1777391992809,12.6094501678467,101.953125,60.6999969482422,5/4/2012 9:19:11 PM +03:00
34.8977851309207,32.1777085215153,12.0980789474487,103.359375,60.8000030517578,5/4/2012 9:19:12 PM +03:00
34.8979088478115,32.17768387872,12.0980789474487,103.359375,60.0999984741211,5/4/2012 9:19:13 PM +03:00
34.8980357498256,32.177636353329,13.539010786438,103.7109375,65.5,5/4/2012 9:19:14 PM +03:00
34.8981932457861,32.1776164043994,14.0546921554565,104.0625,65.5,5/4/2012 9:19:15 PM +03:00
34.8983272724179,32.1775918035136,13.5491989456177,104.765625,65,5/4/2012 9:19:16 PM +03:00
34.8984710220573,32.1775655681567,13.7988225814819,104.4140625,64.8000030517578,5/4/2012 9:19:17 PM +03:00
34.8986161966202,32.1775336331056,13.7988225814819,104.4140625,64.8000030517578,5/4/2012 9:19:18 PM +03:00
34.89878760654,32.1774993092121,14.8226197479248,104.0625,62.0999984741211,5/4/2012 9:19:19 PM +03:00
34.8989377264258,32.1774709783794,15.1722254882812,103.359375,60.3000030517578,5/4/2012 9:19:20 PM +03:00
34.8990923725394,32.1774401329757,15.1722254882812,103.359375,58.6999969482422,5/4/2012 9:19:21 PM +03:00
34.8992215376672,32.1773924818562,14.2201781188965,105.1171875,62.1999969482422,5/4/2012 9:19:22 PM +03:00
34.8993705679056,32.1773579903247,14.2201781188965,105.1171875,62,5/4/2012 9:19:23 PM +03:00
34.8995149042782,32.1773311682345,13.2681415420532,105.8203125,61.4000015258789,5/4/2012 9:19:24 PM +03:00
34.8996424768445,32.1773042623253,12.2436516906738,105.1171875,61.4000015258789,5/4/2012 9:19:25 PM +03:00
34.8997642658976,32.1772743808405,11.8990772369385,104.765625,61.8000030517578,5/4/2012 9:19:26 PM +03:00
34.8998960294154,32.1772436611654,12.6917756744385,104.4140625,61.6999969482422,5/4/2012 9:19:27 PM +03:00
34.9000298045901,32.1771994885357,13.7850925064087,106.875,60.1999969482422,5/4/2012 9:19:28 PM +03:00
34.9001676868972,32.1771636978091,13.7850925064087,106.875,58.5999984741211,5/4/2012 9:19:29 PM +03:00
34.9003214110014,32.1771207405554,14.7770987701416,106.875,56.9000015258789,5/4/2012 9:19:30 PM +03:00
34.9004687648592,32.1770836087243,13.9489703811645,107.9296875,55.9000015258789,5/4/2012 9:19:31 PM +03:00
34.9006080720899,32.1770449262412,13.9489703811645,107.9296875,55.0999984741211,5/4/2012 9:19:32 PM +03:00
34.900759113985,32.1770103089811,14.1189538909912,105.8203125,56.5,5/4/2012 9:19:33 PM +03:00
34.9009025283483,32.1769709978552,14.5366713607788,105.46875,58,5/4/2012 9:19:34 PM +03:00
34.9010350462374,32.1769441338556,14.8202071243286,105.1171875,59.4000015258789,5/4/2012 9:19:35 PM +03:00
34.9011855013994,32.1769093908669,14.8202071243286,105.1171875,59.1999969482422,5/4/2012 9:19:36 PM +03:00
34.9013440031883,32.176869995922,14.8015615371704,106.171875,60.5,5/4/2012 9:19:37 PM +03:00
34.9014786165533,32.1768310619818,14.2218548873901,108.984375,61.6999969482422,5/4/2012 9:19:38 PM +03:00
34.9016245454875,32.1767886914612,14.2218548873901,108.984375,62.5999984741211,5/4/2012 9:19:39 PM +03:00
34.9017569795576,32.1767529845537,13.6001515151978,108.28125,63.3000030517578,5/4/2012 9:19:40 PM +03:00
34.9018771760491,32.1767208399551,12.3889300918579,107.578125,64.0999984741211,5/4/2012 9:19:41 PM +03:00
34.9019761663255,32.1766986279117,11.139149861145,106.5234375,64.0999984741211,5/4/2012 9:19:42 PM +03:00
34.9020885676471,32.176670548536,11.139149861145,106.5234375,64,5/4/2012 9:19:43 PM +03:00
34.9021960236457,32.1766811935531,6.68017111206055,104.4140625,64,5/4/2012 9:19:45 PM +03:00
34.902305239844,32.1766646392943,6.50350603790283,105.1171875,64.6999969482422,5/4/2012 9:19:47 PM +03:00
34.9023640808043,32.1766535332726,5.56041893081665,106.171875,64.5,5/4/2012 9:19:48 PM +03:00
34.9024233408597,32.1766687883364,0,106.5234375,67.5999984741211,5/4/2012 9:20:00 PM +03:00
34.9025167152611,32.1766201313885,6.3507739151001,106.171875,67.3000030517578,5/4/2012 9:20:05 PM +03:00
34.9025671743182,32.176579143882,7.70339136810303,105.1171875,68.4000015258789,5/4/2012 9:20:06 PM +03:00
34.902653927016,32.1765437303411,9.95052703857422,107.578125,68.5999984741211,5/4/2012 9:20:07 PM +03:00
34.9027789850113,32.1765253739731,10.7061805679321,107.578125,70.5999984741211,5/4/2012 9:20:08 PM +03:00
34.9028862733719,32.1764964144977,10.7061805679321,107.578125,71,5/4/2012 9:20:09 PM +03:00
34.9030520674166,32.1764695085885,12.8742049468994,104.4140625,68.1999969482422,5/4/2012 9:20:10 PM +03:00
34.9032033607689,32.1764449496122,13.7664969573975,105.1171875,67.9000015258789,5/4/2012 9:20:11 PM +03:00
34.9033471104083,32.1764175407888,14.0105163208008,103.7109375,65.3000030517578,5/4/2012 9:20:12 PM +03:00
34.9034902733144,32.1763876173945,14.0105163208008,103.7109375,65.0999984741211,5/4/2012 9:20:13 PM +03:00
34.9036395550099,32.1763323806526,15.0003169815063,104.0625,62.1999969482422,5/4/2012 9:20:14 PM +03:00
34.9037926085618,32.1762995655017,15.0003169815063,104.0625,62,5/4/2012 9:20:15 PM +03:00
34.903956810045,32.17625556051,14.8017616897583,105.8203125,61,5/4/2012 9:20:16 PM +03:00
34.9041065946546,32.1762194345074,14.8017616897583,105.8203125,60.6999969482422,5/4/2012 9:20:17 PM +03:00
34.9042520206747,32.176197473921,14.4687225006104,105.46875,59.5999984741211,5/4/2012 9:20:18 PM +03:00
34.9043919146386,32.1761599649044,14.051379826355,106.5234375,59.4000015258789,5/4/2012 9:20:19 PM +03:00
34.9045337364403,32.1761242160873,14.051379826355,106.5234375,59.1999969482422,5/4/2012 9:20:20 PM +03:00
34.9046664219675,32.1760782413484,13.8891600784302,108.28125,59.3000030517578,5/4/2012 9:20:21 PM +03:00
34.9047836009738,32.1760566998573,12.85892368927,105.8203125,59.9000015258789,5/4/2012 9:20:22 PM +03:00
34.904913688111,32.1760251419918,12.85892368927,105.8203125,59.8000030517578,5/4/2012 9:20:23 PM +03:00
34.9050265923468,32.1759912371935,12.1594473007202,108.28125,60.6999969482422,5/4/2012 9:20:24 PM +03:00
34.9051479623047,32.175956829481,12.1594473007202,108.28125,60.8000030517578,5/4/2012 9:20:25 PM +03:00
34.9052864313451,32.1759290015625,11.6298376663208,108.28125,60.8000030517578,5/4/2012 9:20:26 PM +03:00
34.9053922947821,32.1759071667047,11.0894933776855,106.875,60.9000015258789,5/4/2012 9:20:27 PM +03:00
34.9055095576075,32.1758936718406,10.6792453277588,101.6015625,60.6999969482422,5/4/2012 9:20:28 PM +03:00
34.9056124035594,32.1758738486396,9.86919346466064,101.953125,60.6999969482422,5/4/2012 9:20:29 PM +03:00
34.9056865834025,32.1757963579448,8.85924018554687,110.7421875,60.5999984741211,5/4/2012 9:20:30 PM +03:00
34.9057317618606,32.1757503412964,6.45993703842163,129.0234375,60.3000030517578,5/4/2012 9:20:31 PM +03:00
34.9057784490612,32.1756618703084,6.73108983230591,153.28125,65,5/4/2012 9:20:33 PM +03:00
34.9057522975233,32.175579057105,7.78509041671753,183.515625,59,5/4/2012 9:20:34 PM +03:00
34.9057237990526,32.1754993871154,8.19056816329956,192.65625,58.6999969482422,5/4/2012 9:20:35 PM +03:00
34.9057046044943,32.175417705469,9.14210288696289,192.65625,58.8000030517578,5/4/2012 9:20:36 PM +03:00
34.9056833144602,32.1753379097508,9.14210288696289,192.65625,58.5999984741211,5/4/2012 9:20:37 PM +03:00
34.9056372139928,32.1752351057084,10.2594252746582,195.46875,58.6999969482422,5/4/2012 9:20:38 PM +03:00
34.9056058656749,32.1751543879809,10.1393013442993,196.171875,58.1999969482422,5/4/2012 9:20:39 PM +03:00
34.9055823963461,32.1750869136603,9.09062246398926,198.28125,57.6999969482422,5/4/2012 9:20:40 PM +03:00
34.9055523891327,32.1750096744226,9.09062246398926,198.28125,57.5,5/4/2012 9:20:41 PM +03:00
34.9054943025437,32.1749583771752,7.38942210922241,203.203125,57.5999984741211,5/4/2012 9:20:42 PM +03:00
34.9055463541624,32.1748768631669,4.65201659927368,158.90625,56.8000030517578,5/4/2012 9:20:44 PM +03:00
34.9056265689758,32.1748260688336,4.35569952316284,132.1875,57.1999969482422,5/4/2012 9:20:46 PM +03:00
34.9056937918392,32.1748050721662,5.30226722488403,122.34375,57.5,5/4/2012 9:20:47 PM +03:00
34.9057882558879,32.1747932117732,6.37973079452515,113.203125,58.3000030517578,5/4/2012 9:20:48 PM +03:00
34.9058893416402,32.1747801360043,7.55935361862183,106.5234375,58.5,5/4/2012 9:20:49 PM +03:00
34.905991936135,32.1747311856897,8.51041641387939,113.5546875,59,5/4/2012 9:20:50 PM +03:00
34.9061022419808,32.1747039445044,8.82937918548584,110.7421875,57.8000030517578,5/4/2012 9:20:51 PM +03:00
34.9062051717517,32.1746626217218,9.41937799530029,110.0390625,58.1999969482422,5/4/2012 9:20:52 PM +03:00
34.9063312355754,32.1746587660463,10.3126972595215,105.46875,56.4000015258789,5/4/2012 9:20:53 PM +03:00
34.9064452294585,32.1746363025458,9.89805860748291,104.0625,55.6999969482422,5/4/2012 9:20:54 PM +03:00
34.9065461475727,32.1746145515071,9.89805860748291,104.0625,55.3000030517578,5/4/2012 9:20:55 PM +03:00
34.9066290445951,32.1745952731298,9.4695191619873,105.8203125,55.5999984741211,5/4/2012 9:20:56 PM +03:00
34.9067417811927,32.1745670261161,10.1691211364746,105.1171875,55.4000015258789,5/4/2012 9:20:57 PM +03:00
34.906850913572,32.1745710494296,9.34024217529297,100.546875,52.9000015258789,5/4/2012 9:20:58 PM +03:00
34.9069506582198,32.1745552076326,9.34024217529297,100.546875,52.6999969482422,5/4/2012 9:20:59 PM +03:00
34.9070469662872,32.1744539123328,7.16074973983765,109.6875,50.4000015258789,5/4/2012 9:21:00 PM +03:00
34.9071100820181,32.1744445665108,7.14955738372803,106.875,50.8000030517578,5/4/2012 9:21:01 PM +03:00
34.9071695935306,32.1744289342614,7.37936198883057,106.875,50.4000015258789,5/4/2012 9:21:02 PM +03:00
34.9072359782037,32.1744024055378,8.31928737182617,105.46875,50.8000030517578,5/4/2012 9:21:03 PM +03:00
34.9073203001496,32.1743824985178,8.31928737182617,105.46875,50.8000030517578,5/4/2012 9:21:04 PM +03:00
34.9074325338331,32.1743729431482,9.27928393859863,100.546875,51.5999984741211,5/4/2012 9:21:05 PM +03:00
34.9075358826992,32.1743449056821,10.1392473815918,102.3046875,52.6999969482422,5/4/2012 9:21:06 PM +03:00
34.9076400697556,32.1743400860877,9.71916045837402,99.140625,51.9000015258789,5/4/2012 9:21:07 PM +03:00
34.907744089174,32.1743288543375,9.37927487335205,99.84375,50.9000015258789,5/4/2012 9:21:08 PM +03:00
34.9078414030698,32.1743146470116,9.37927487335205,99.84375,50.9000015258789,5/4/2012 9:21:09 PM +03:00
34.9079234619019,32.1742690913679,8.46932135925293,108.28125,51.6999969482422,5/4/2012 9:21:10 PM +03:00
34.9079831410524,32.1742542553993,6.94998219680786,107.2265625,51.4000015258789,5/4/2012 9:21:11 PM +03:00
34.908047933164,32.1742297383325,4.05364792823791,108.6328125,52.0999984741211,5/4/2012 9:21:13 PM +03:00
34.9081197660741,32.1741752140524,3.90121382675171,123.3984375,52.5,5/4/2012 9:21:15 PM +03:00
34.9081364460615,32.1740909759255,4.26058240203857,163.4765625,51.5,5/4/2012 9:21:17 PM +03:00
34.9081542156962,32.1739777364136,5.15979635620117,170.859375,51.5,5/4/2012 9:21:19 PM +03:00
34.9080846458999,32.1738766925709,6.50944536972046,190.1953125,51.4000015258789,5/4/2012 9:21:20 PM +03:00
34.9080314208147,32.1737547777893,8.41927340087891,196.171875,51.4000015258789,5/4/2012 9:21:21 PM +03:00
34.9079522956488,32.1736530214848,9.55936216430664,198.6328125,50.9000015258789,5/4/2012 9:21:22 PM +03:00
34.9079402257082,32.1735468646811,9.93964423217773,197.578125,50.0999984741211,5/4/2012 9:21:23 PM +03:00
34.9078927841363,32.173452693999,10.0491757736206,198.984375,50.1999969482422,5/4/2012 9:21:24 PM +03:00
34.9078552332101,32.1733423462437,10.3691805160522,197.2265625,50,5/4/2012 9:21:25 PM +03:00
34.9078608490852,32.1732519893275,9.46922972564697,191.953125,50.1999969482422,5/4/2012 9:21:26 PM +03:00
34.9078685604361,32.1731704753192,8.709269972229,189.84375,50,5/4/2012 9:21:27 PM +03:00
34.9078129884181,32.1730821300598,8.94931669921875,194.765625,50.1999969482422,5/4/2012 9:21:28 PM +03:00
34.9077891838131,32.1730086207689,8.41927830657959,195.46875,50.1999969482422,5/4/2012 9:21:29 PM +03:00
34.9077453464595,32.1729052299933,8.96927505187988,192.3046875,50.4000015258789,5/4/2012 9:21:30 PM +03:00
34.9077310972241,32.1728420723529,8.25989209136963,189.140625,50.4000015258789,5/4/2012 9:21:31 PM +03:00
34.907730845767,32.1727835666688,7.32936701202393,187.03125,50.0999984741211,5/4/2012 9:21:32 PM +03:00
34.9077157583413,32.1727301739456,6.51946722564697,191.25,50,5/4/2012 9:21:33 PM +03:00
34.9076142534939,32.1726762783082,5.70954192962646,205.3125,50.9000015258789,5/4/2012 9:21:34 PM +03:00
34.9075566698191,32.1725929621907,5.28720819549561,204.609375,52.1999969482422,5/4/2012 9:21:36 PM +03:00
34.9075321108428,32.172537012987,5.49914329528809,190.1953125,52.1999969482422,5/4/2012 9:21:37 PM +03:00
34.9075880181369,32.1724452311473,5.04540375595093,156.4453125,54.3000030517578,5/4/2012 9:21:39 PM +03:00
34.9076599348662,32.1724328678401,5.05392741088867,121.2890625,54.5,5/4/2012 9:21:40 PM +03:00
34.9078446720121,32.1723910002338,8.04052387390137,106.875,54.5999984741211,5/4/2012 9:21:42 PM +03:00
34.9079771899012,32.1723798523025,10.6142133972168,102.65625,54.9000015258789,5/4/2012 9:21:43 PM +03:00
34.908084897357,32.1723727276848,10.6011642333984,103.359375,55.8000030517578,5/4/2012 9:21:44 PM +03:00
34.908193359184,32.1723505994605,10.6011642333984,103.359375,56,5/4/2012 9:21:45 PM +03:00
34.9082941934791,32.1723322430925,9.98701956481933,105.1171875,59.4000015258789,5/4/2012 9:21:46 PM +03:00
34.9083977938023,32.1723083546685,9.98701956481933,105.1171875,60.9000015258789,5/4/2012 9:21:47 PM +03:00
34.9084701296267,32.1722890343817,8.99856699066162,104.765625,59.5,5/4/2012 9:21:48 PM +03:00
34.9085325748053,32.1722731925847,6.68915295944214,107.9296875,58.4000015258789,5/4/2012 9:21:49 PM +03:00
34.9086013902304,32.172254123755,6.68915295944214,107.9296875,57.8000030517578,5/4/2012 9:21:50 PM +03:00
34.9086748157022,32.1722236974464,6.46427711181641,111.09375,58,5/4/2012 9:21:51 PM +03:00
34.9086536094871,32.1721770102458,4.52290444412231,152.9296875,61.1999969482422,5/4/2012 9:21:52 PM +03:00
34.9086701218364,32.1721237013416,3.07988007850647,187.03125,60.5,5/4/2012 9:21:54 PM +03:00
34.9086531065729,32.1720672073142,3.80393206520081,203.203125,60.0999984741211,5/4/2012 9:21:56 PM +03:00
34.9086402822611,32.1719958354087,4.11042331924438,200.390625,59.3000030517578,5/4/2012 9:21:58 PM +03:00
34.9085987918404,32.1719353180678,5.74950327682495,207.421875,58.4000015258789,5/4/2012 9:21:59 PM +03:00
34.9085839558718,32.1718626050578,6.59942965621948,197.578125,58.0999984741211,5/4/2012 9:22:00 PM +03:00
34.9085403699753,32.1717985673176,7.53945462493896,200.0390625,58.4000015258789,5/4/2012 9:22:01 PM +03:00
34.9085172359225,32.1717302967163,7.47946084899902,199.3359375,58.3000030517578,5/4/2012 9:22:02 PM +03:00
34.9084902461943,32.1716650855096,7.47946084899902,199.3359375,58.3000030517578,5/4/2012 9:22:03 PM +03:00
34.9084663577703,32.1715487866031,8.4691977355957,195.46875,59.0999984741211,5/4/2012 9:22:04 PM +03:00
34.9084425531653,32.1714757802265,8.4691977355957,195.46875,59.5,5/4/2012 9:22:05 PM +03:00
34.9083846342144,32.1713871416004,5.28988327407837,203.203125,59.4000015258789,5/4/2012 9:22:07 PM +03:00
34.9083921779272,32.1713215951176,5.32953948669434,194.0625,59.1999969482422,5/4/2012 9:22:08 PM +03:00
34.9083848856715,32.171216821328,5.7698133682251,193.359375,60.0999984741211,5/4/2012 9:22:10 PM +03:00
34.9083650205609,32.1711547952445,5.68950851974487,194.765625,59.5999984741211,5/4/2012 9:22:11 PM +03:00
34.9083433952508,32.1710640611427,5.23848821029663,188.0859375,62.0999984741211,5/4/2012 9:22:13 PM +03:00
34.9083151482371,32.1710053878205,7.0722665977478,193.7109375,62.0999984741211,5/4/2012 9:22:14 PM +03:00
34.9082982167927,32.1709458763079,7.0722665977478,193.7109375,63.9000015258789,5/4/2012 9:22:15 PM +03:00
34.9082870688614,32.1708835568579,7.03419836044311,197.2265625,62.3000030517578,5/4/2012 9:22:16 PM +03:00
34.9082800280628,32.1708187647464,6.78001144180298,194.0625,63.6999969482422,5/4/2012 9:22:17 PM +03:00
34.9082637671706,32.1707149548756,6.29203158340454,195.1171875,61.0999984741211,5/4/2012 9:22:19 PM +03:00
34.9082261324254,32.1706500370355,4.7795976852417,198.984375,61.3000030517578,5/4/2012 9:22:21 PM +03:00
34.9082033336488,32.1705944650175,5.40986493911743,194.765625,61.0999984741211,5/4/2012 9:22:22 PM +03:00
34.9081724044261,32.1705507114829,5.69964762191772,195.46875,60.9000015258789,5/4/2012 9:22:23 PM +03:00
34.9081358593282,32.1704375138806,6.73358487167358,196.171875,63.1999969482422,5/4/2012 9:22:25 PM +03:00
34.9081163294938,32.1703799302058,6.73358487167358,196.171875,63.9000015258789,5/4/2012 9:22:26 PM +03:00
34.9080913514224,32.1703275014015,5.91358228530884,197.2265625,63.5,5/4/2012 9:22:27 PM +03:00
34.908071821588,32.1702611586379,4.08975658340454,197.9296875,63.5999984741211,5/4/2012 9:22:29 PM +03:00
34.9080493580875,32.1701912116559,3.97212450370789,200.0390625,63.0999984741211,5/4/2012 9:22:31 PM +03:00
34.9079991504875,32.1700916765557,6.54229345092773,197.9296875,63,5/4/2012 9:22:32 PM +03:00
34.9079605099139,32.1700343862476,6.37057970046997,199.3359375,63.0999984741211,5/4/2012 9:22:33 PM +03:00
34.907958162981,32.1699838014619,5.38998900222778,197.578125,63.5,5/4/2012 9:22:34 PM +03:00
34.9079692270932,32.1699283970819,1.33812944717407,187.734375,62.9000015258789,5/4/2012 9:22:38 PM +03:00
34.9079243000922,32.1698920196222,1.9335598487854,203.203125,65.4000015258789,5/4/2012 9:22:40 PM +03:00
34.9078430794505,32.1698875772135,5.10842336807251,264.375,62,5/4/2012 9:22:42 PM +03:00
34.9077842384902,32.1698771836536,4.79096370315552,271.40625,62.5,5/4/2012 9:22:43 PM +03:00
34.9076871760515,32.1698631858753,4.26920956726074,265.78125,64.3000030517578,5/4/2012 9:22:45 PM +03:00
34.9076628685323,32.1698131878229,2.07442900619507,212.34375,60.8000030517578,5/4/2012 9:22:48 PM +03:00
34.9076396506605,32.1697557717861,2.49066814308167,190.546875,62.3000030517578,5/4/2012 9:22:53 PM +03:00
34.907627832177,32.1697010798679,3.73020036506653,187.3828125,63.1999969482422,5/4/2012 9:22:55 PM +03:00
34.9076239765015,32.1696419874506,3.82966908798218,181.40625,64.8000030517578,5/4/2012 9:22:57 PM +03:00
